Link,Title,Location,Salary,Summary
https://kr.indeed.com/viewjob?jk=8bcc7807085700a7,Dev Ops(),NHN TOAST 4.4 성남 판교역,,"Linux, Windows Server 트러블 슈팅 숙련자 - 2년 이상의 개발 경험자(PHP, Python 등) 본 채용은 상시 채용으로 면접이 수시로 진행되며, 先지원자에게 기회가 먼저 부여되므로 빠른 지원 바랍니다..."
https://kr.indeed.com/viewjob?jk=7af6301dc691d3ab,Data Scientist,Toss 서울 강남구,,"실무 경험 5년 이상 갖추신 분 - 실제 서비스 데이터를 이용한 분석모델 개발 경험이 있으신 분 - R, Python, Scala, SQL 등 데이터 분석의 업무를 수행할 수 있는 하나 이상의 개발 언어에 능숙하신 분 #..."
https://kr.indeed.com/viewjob?jk=713deb15cc6428fd,[NAVERxLINE] Global Ad Data Engineer/Dat...,네이버 서울,,"광고 퍼포먼스에 대한 Reliablity Engineering [자격요건 ] - Java, Scala, Python 등의 언어를 활용한 소프트웨어 개발 역량 - 리눅스 환경에서의 시스템 개발 및 운영 경험 - 분산 환경에서의..."
https://kr.indeed.com/viewjob?jk=a41d35173ffe4666,[Search] [Vision] Computer Vision Engine...,네이버 서울,,"스템 엔지니어링 · 스마트렌즈 , 이미지 / 동영상 검색 , 비주얼 커머스 서비스 고도화에 기여 [자격요건] · Python, C++, Golang, Scala 등의 백엔드 개발 언어를 1 개 이상 자유롭게 활용 가능한 분..."
https://kr.indeed.com/viewjob?jk=7cbf4b2a9bc7a9d1,[KSTEC] 통계/Analytics 경력사원,지식시스템 성남 분당구,,"개발 (SPSS, SAS, R, Python, Java 기반) 2. 기업용... 경력 3년 ~ 10년 [기술요구사항] 1. SPSS, SAS, R, Python, Java 등 데이터분석/AI개발 도구 사용 가능자 2. Java..."
https://kr.indeed.com/viewjob?jk=15f7bbd0d7b13487,파이썬 웹 서버 개발자 모집,엔씨소프트 2.8 성남 판교역,,"백엔드 시스템 개발 경력 5년 이상자 - HTTP / REST / API 설계에 대한 이해와 구현 경험 - Python Django, Flask, Channels 사용 경험자 - 분산 환경 서비스 설계 및 개발 경혐이 있으신..."
https://kr.indeed.com/viewjob?jk=3a6a8a0cd102be19,Global Payment DevOps Engineer,LINE Plus corporation 성남 판교역,,"자동화 플랫폼 개발 - 분산 시스템 아키텍쳐 설계 기술 개발 [자격요건] - Java, Golang, Python 등 1개 이상의 언어 사용이 능숙한 자 - Unix/Linux 개발/운영 환경이 익숙한 자 - 대용량..."
https://kr.indeed.com/viewjob?jk=1c4f1c0b625f5abd,데이터 분석 직군 모집,넷마블 서울 구로구,,"요건 - 관련 분야 경력 3년 이상 - 정형/비정형 데이터 분석 및 모델링 가능 - 통계 분석 도구 (R, Python, Tensorflow 등) 및 SQL 사용 가능 - 다양한 직군의 사람들과 원활한 커뮤니케이션 및 협업..."
https://kr.indeed.com/viewjob?jk=bcd2f0630e298aa3,클라우드 인프라 운영 담당자 모집,넷마블 서울 구로구,,GCP) - 오픈소스 구축 및 운영 경험 보유자 - 게임사/포탈 인프라 운영 - 글로벌 서비스 운영 경험 - Python/Bash shell 역량 - Linux/Windows OS 구조 공학적 이해 - 기술적인 문제점 파악...
https://kr.indeed.com/viewjob?jk=9cf16f530cb5e00c,자연어처리 기술 개발자,NHN 4.4 성남 판교역,,"딥러닝 기반 기계번역 - 텍스트 분류 엔진 개발 - 자연어처리 및 유사 전공 대학원 졸업자 - Python, C/ C++, Java 등 프로그래밍 언어에 하나 이상 능숙하신 분 - Unix/Linux 기반 개발..."
https://kr.indeed.com/viewjob?jk=22f7b14e98d420c7,[던전앤파이터] 2D/3D 그래픽 기술개발 부문 TA,네오플 서울 강남구,,자격 - 3D 아트 경력 5년 이상 - 언리얼 엔진에 대한 높은 이해도를 갖추신 분 - MaxScript나 Python 을 활용한 Tool개발 능력이 있으신 분 - Material과 Lighting 등 리얼타임 렌더링에 대한...
https://kr.indeed.com/viewjob?jk=1b45a37e76f3a143,(주)아이옵스 경력사원,아이옵스 대전 유성구,,"C++, C#, Java, Python, DBMS 등 환경개발 능숙자... 공학계열 [우대사항] 응용 S/W개발 - C++, C#, Java, Python, DBMS 등 환경개발 능숙자 - Windows, Linux 활용..."
https://kr.indeed.com/viewjob?jk=cef60a5a4a42fe95,AD Performance Dev,LINE Plus corporation 성남 서현역,,"Java, Scala 중 2개 이상의 개발 언어에 능숙한 자 - 위 언어중 1개에 익숙하고 R 또는 Python 기반으로 분석에 능숙한 자 아래 요건 중 최소 한 가지 해당 - 대용량 트래픽 서버를 개발 및 운영한..."
https://kr.indeed.com/viewjob?jk=694ab958318e7fdc,RTL 및 ASIC 설계 엔지니어(딥러닝 하드웨어 프로세서 개발),딥엑스 성남 분당구,"연봉 40,000,000원 - 99,990,000원","모델의 RTL IP 설계 및 IP 검증 가능자 - Language: Python/Perl, C/C++ [우대 조건] - ARM based SoC 설계... 게임>빅데이터·AI(인공지능)> Python|인터넷·IT·통신·모바일·게임..."
https://kr.indeed.com/viewjob?jk=01bc879744c28f9c,Support Engineer _ Azure PaaS,Microsoft 4.2 서울,,"Java, Node, Python, PHP and Ruby, .NET... Linux, NGNIX, Apache, Java, Node, Python, PHP and Ruby • Experience with customer..."
https://kr.indeed.com/viewjob?jk=df4340b7b440221b,R&D 인공지능/딥러닝 / UNITY 신입,스칼라웍스 서울 금천구,,"2) 전산 이론 기초 (Data Structure, Algorithm)를 이해하고 기본적인 코딩 가능한 인재 3) Python Application 관련 개발 업무 (코딩 또는 문제해결) 수행 가능한 인재 4) Machine..."
https://kr.indeed.com/viewjob?jk=f281c810daf0e10d,카카오 네트워크 엔지니어,카카오 4.2 성남 판교역,,"있는 자신감 넘치시는 분 (기술, 응대 모든 면에서) 해외여행 결격사유 없는 분 선호 자격 bash, python 등을 이용한 인프라 관리 자동화 스크립트 가능하신 분 인프라 운영 및 관리 관련 Tool 개발/경험이 있으..."
https://kr.indeed.com/viewjob?jk=a5cce44e4a847727,현대오토에버 경력사원 대규모 상시,현대오토에버 서울,,"경험자 - 데이터 분석을 위한 Python/MariaDB 개발 경험 보유자... 지식 Python,Scala 언어에 대한기본 지식 인증기술 인증기술 어플리케이션 개발 - 프로그래밍 언어 선택 1개 (Java/ Python/C++ 등..."
https://kr.indeed.com/viewjob?jk=7c9e43f7aca62f24,"Technical Solutions Consultant, Android...",Google 4.3 서울,,"general purpose programming language (e.g., Java, C/C++, Python). Ability to speak and write in English and Korean fluently..."
https://kr.indeed.com/viewjob?jk=f8fcba2c93fcc52a,"Senior Staff Engineer, FAE Samsung",ams 서울,,"programming languages including... limited to: C++, C and python carrier 15+ years of industry experience implementing..."
https://kr.indeed.com/viewjob?jk=c9e1637b3adce2f3,JT친애저축은행 [정보기획부] 직원,JT친애저축은행 서울 강남구,,"대한 이해 [우대조건] - 관력학과 전공 또는 교육이수자 - 분석관련 프로그램 활용 가능자 ( SAS, Python, R 등) 0 명 DBA - 은행 업무계/정보계 시스템 DB 운영 관리 - 모델링 및 메타데이터 관리 [자격..."
https://kr.indeed.com/viewjob?jk=784cd549a392c126,"IT Analyst, E-Commerce",Procter & Gamble 4.2 서울,,"Social Media Ad, DMP/DSP) Basic Programming (e.g. C++/Java/ Python) or Application development skills (e.g. website, mobile..."
https://kr.indeed.com/viewjob?jk=8349ebbe61582cf3,[무료교육] 재직자 위한 스마트제조 실무 교육 안내,한국산업기술협회 서울 금천구,,통신·모바일·게임>빅데이터·AI(인공지능)>데이터분석|인터넷·IT·통신·모바일·게임>빅데이터·AI(인공지능)> Python|인터넷·IT·통신·모바일·게임>빅데이터·AI(인공지능)>머신러닝|인터넷·IT·통신·모바일·게임>빅데이터...
https://kr.indeed.com/viewjob?jk=dd06066d79860614,MySQL Engineer,카카오 4.2 성남 판교역,,"지원자격 대용량 DBMS 운영 경험이 있는 분 (실력, 의지는 중요하나 경력'기간'은 중요하지 않음) python, go, bash 등 스크립팅 언어를 하나 이상 사용하실 수 있는 분 MySQL 에 대해 전반적으로 이해하고..."
https://kr.indeed.com/viewjob?jk=d9bd2c7aaf54def9,"주식운용, 마케팅",디지비자산운용 대한민국,,"식운용 및 리서치 경험자 - 계량 리서치, 퀀트 모델링 경험자 - 프로그래밍 가능자(SQL, VBA, R, Python 등) 2) 마케팅 - 담당업무 : 리테일 마케팅 - 직급 : 대리급 이하 - 지원자격 ① 판매채널 펀드..."
https://kr.indeed.com/viewjob?jk=eca18a1897e5d4ea,[금융사업클랜] 비즈니스 데이터 분석가 (Business Data Ana...,카카오페이 성남 분당구,,하신 분 - SQL등을 통해 복잡한 데이터 셋에서 원하는 데이터를 추출 및 가공할 수 있으신 분 - R 또는 Python을 활용하여 분석 및 결과 리포팅이 가능하신 분 - 분석을 통해 도출된 의견을 논리적이고 체계적으로 제시...
https://kr.indeed.com/viewjob?jk=7c3e870969914d57,글로벌 여행 스타트업 Trazy - 백엔드 개발자 (Python),트레이지(Trazy) 서울 중구,,"터베이스 설계, 쿼리튜닝을 포함한 DB 활용 능력 3. 우대조건 - Python, Django를 이용한 REST API 개발 경험 - DevOps 유... 통신·모바일·게임>웹프로그래머> Python|인터넷·IT·통신·모바일·게임..."
https://kr.indeed.com/viewjob?jk=a93103d6dd6d208e,[AI Lab] Machine Learning 데이터 사이언티스트,버즈니 서울,,"분석을 통한 구매/전환 예측 모델링 – 상품 클릭, 구매 전환, 설치 전환 예측 모델링 이런 분을 찾습니다 Python 사용 능력이 능숙하신 분 주도적으로 문제를 찾고 해결할 수 있는 분 Machine Learning 기반의..."
https://kr.indeed.com/viewjob?jk=064270aae627e45b,[기술기획] 클라우드 플랫폼 개발자,한국카카오은행 성남 분당구,,"년 이상인 분 · Infrastructure as Code를 이해하고 구현할 수 있는 분 · Golang, Python, Javascript 중 하나 이상의 언어에 능숙한 분 우대사항 · 서비스를 설계 단계부터 참여해서 오픈..."
https://kr.indeed.com/viewjob?jk=be6c1f03fa566f8e,추천 시스템 연구/개발,카카오 4.2 성남 판교역,,"지원자격 개발 경력 3년 이상 적어도 하나 이상의 능숙한 프로그래밍 언어가 있으신 분 우대사항 Python, C++, GPU 프로그래밍 숙련자 TensorFlow, PyTorch, implicit 등 머신러닝/추천..."
https://kr.indeed.com/viewjob?jk=1cf825d234463890,[피파온라인4] 소프트웨어 엔지니어,Electronic Arts 서울,,관련 논문 및 자료를 이해할 수 있는 영어 능력 keras... tensorflow 사용경험 python을 이용한 코딩 경험 [ 우대 사항 ] Machine Learning 관련 논문을 구현해본 경험 (졸업 작품...
https://kr.indeed.com/viewjob?jk=8aeedb3a2dba74b6,Software Test Engineer for HANA Engine I...,SAP 4.3 서울,,"processes Knowledge of Git or other version control, Python, SQL Understanding of modern computer architecture, operating..."
https://kr.indeed.com/viewjob?jk=28fe1c7cb71014dc,2020 KB데이타시스템 경력직 상시,KB데이타시스템 서울 마포구,,오픈소스를 이용한 개발경험 - Docker등 컨테이너 기술에 대한 이해 - TDD/DDD에 대한 이해 - Python. Nodeis등의 언어사용 경험 PaaS 개발 경력 0명 [지원자격] - Linux Redhat/Ubunt...
https://kr.indeed.com/viewjob?jk=2d83dcf8baac736b,Technical Solutions Engineer,MightyHive 서울,,"Python and R Machine Learning, Tensor Flow Data Visualization Data Engineering, ETL Technology Used Node.js, Python, Flask..."
https://kr.indeed.com/viewjob?jk=235d6f92b6999031,2020년 하반기 (SW/DB 개발),씨젠 서울 송파구,,"end) 프로그램 개발( Python) [필수요건] • 컴퓨터 공학/생물정보학 관련 전문학사 이상 • JAVA 또는 Python, C언어 사용 가능 자... 언어 사용 가능 자 (C or Python) 0명 솔루션개발 • 일반 병원..."
https://kr.indeed.com/viewjob?jk=d56db98820a1324c,스크립트 개발 프로그래머,Nexon 성남 분당구,,"있습니다. [주요업무] - JavaScript 및 기타(Lua, Python) 스크립트 엔진 연동, 프로젝트에 맞게 수정 및 최적화 - MOD... 개발이 가능한 분 - Lua, Python 등 다른 스크립트 언어에 대한..."
https://kr.indeed.com/viewjob?jk=ef05281bd02652a8,Data Analyst,Toss 서울 강남구,,"소지하신 분 혹은 경험이 풍부하신 분 - Data Warehouse 구축 지식이나 경험이 있으신 분 - Python, R, Spark 등 언어 및 데이터 프로세싱 프레임워크에 대한 이해도가 높은 분 - 필요한 데이터를 스스로..."
https://kr.indeed.com/viewjob?jk=e7b19736572ba66e,Python 신입/경력 정규직,태그바이컴퍼니 서울 강남구,,태그바이컴퍼니(주) Python 신입/경력 정규직 채용 모집부문 및 자격요건 담당업무 자격요건 인원 [담당업무] • 인플루언서 마케팅 플랫폼 [태그바... 소될 수 있습니다. 인터넷·IT·통신·모바일·게임>웹프로그래머> Python
https://kr.indeed.com/viewjob?jk=1dfcccd87594a1a8,Production Data Analyst,하이퍼커넥트 서울,,활용할 수 있도록 가이드 Minimum Qualifications 능숙한 SQL 구현 역량 R 또는 Python 분석 코드 구현 역량 Preferred Qualifications 데이터 관련 분야 학위 보유 머신러닝...
https://kr.indeed.com/viewjob?jk=4b6541fefc98ee60,Senior R&D Engineer,Synopsys 서울,,"development Proficiency in programming and scripting (TCL, Python, Shell) Able to resolve wide range of technical issues..."
https://kr.indeed.com/viewjob?jk=b83e48f219011128,매칭팀 - 프로그래머,Nexon 성남 분당구,,"상의 서비스 개발과 운영 - 게임 매치메이킹, 추천 시스템 개발 지원자격 - 한 가지 이상의 개발 언어( Python, C++, C#, Go 등)에 숙련된 프로그래밍 능력 우대사항 - 게임 개발 또는 라이브 서비스 경험이..."
https://kr.indeed.com/viewjob?jk=3d0fef92805a8c7c,[서울지사] 데이터 분석가,네오플 서울 강남구,,"분석해보고 싶은 주제와 방법론'이 있는 분 - 수학/통계 및 알고리즘에 대한 이해 및 활용 능력 - R, Python 등 자신에게 익숙한 툴을 활용한 데이터 가공 능력 - Word, Excel, PPT 활용능력 - 우수한..."
https://kr.indeed.com/viewjob?jk=6e9819bc1b7015c9,[기술플랫폼실] 정보보호 담당자 영입,카카오페이 성남 분당구,,"술적 지식과 설계, 구축, 운영 등 역량을 보유하신 분 - 개발언어(Shell script, JAVA, Python 등)에 대한 이해 및 코드리뷰와 관련한 역량을 보유하신 분 - ISMS-P, PCI-DSS, ISO27001..."
https://kr.indeed.com/viewjob?jk=2b1c5b35b97700fc,인프라 플랫폼 개발자,고도소프트 서울 구로구,,"NHN고도의 신규 서비스 개발 자격요건 - 웹개발 경력 1년 이상 ~ 5년 이하 - PHP(주 개발언어), python, java중 하나 이상 개발이 가능한 분. - Database 이해도가 높은 분 - 개발 프레임워크 사용..."
https://kr.indeed.com/viewjob?jk=5164238b12d010da,인공지능(AI) SW개발 담당 0명 자동화 산업장비 제조업,자동화 산업장비 제조업 대한민국,,"운용 3) C#, JavaScript, Python, UI 개발 4) Big Data 관련 개발 [우대사항] 1) 인공지능 기술 경험자 우대 2) C#, JavaScript, Python, UI 개발 경험자 3) Big..."
https://kr.indeed.com/viewjob?jk=fb84164a9eed9423,Junior Full-stack Developer,Asiance 서울,,"React 혹은 WordPress 등의 CMS도 사용. • Python, Node.js, Java, PHP for backend development. • Python, Node.js, Java, PHP 등을 사용하여 백엔드..."
https://kr.indeed.com/viewjob?jk=0c07d097f996104e,하나손해보험 경력직,하나손해보험 서울 종로구,,사항 인원 근무지 정규직 자동차보험 - 상품개발/인수기획 5년 이상 ① 보험관련 자격증 소지자 ② SAS/R/ Python 숙련자 ③ 수학/통계학/보험관련 전공 O명 본점 (서울 종로구) 정규직 장기보험 - 손해/생명보험 장기...
https://kr.indeed.com/viewjob?jk=70502a826fbef77b,정규직 서버개발자,피엠그로우 경기도 의왕,,우대내용] - Springframework를 이용한 개발 가능한 분 - nodejs 개발 가능한 분 - python 개발 가능한 분 - apache spark 개발 경험해보신 분 - IoT 시계열 데이터 처리 경험해보신 분...
https://kr.indeed.com/viewjob?jk=f4190a8dbb8c05b1,[AI R&D] Language AI(NLP) Research 분야 수시...,엔씨소프트 2.8 성남 판교역,,"분 - 통계/Machine Learning에 대한 이해와 활용 능력 및 text 처리 기술에 대한 경험 - Python, Java 등을 이용하여 NLP 기술을 구현 가능한 분 - 최신 기술(논문, 기술문서 등)을 습득하는..."
https://kr.indeed.com/viewjob?jk=8dfc9993e2aa9160,유저프로파일팀 - 데이터 모델러,Nexon 성남 분당구,,"데이터를 가치있게 활용할 수 있도록 가이드 합니다. - 주요 활용 tool : SQL, Zeppelin, Python, Scala, Tableau 지원자격 - (필수) 논리적이고 체계적인 문제 해결 및 커뮤니케이션 능력을..."
https://kr.indeed.com/viewjob?jk=1a75ce748c5f24e9,TOAST CAM 임베디드 개발,NHN 4.4 성남 판교역,,"또는 석사 학위 또는 그에 준하는 실무 경험자 (신입 지원가능) - 임베디드 환경에서 영상 처리 경험자 - Python, C++ 개발 경험 - 딥러닝 프레임워크, 컴퓨터 비젼 경험자 - Visual Object..."
https://kr.indeed.com/viewjob?jk=158d61f253f65fb4,2020년 하반기 각 부문 신입/경력,스탠드포인트 서울 금천구,,년 이상 ㆍ직급/직책 : 팀장/파트장급 ㆍPHP / JAVA / Python 언어 중 한가지 이상의 언어를 능숙히 사용하시는 분 ㆍAWS(Amazon... Laravel(PHP7+) / Python / Linux / MySQL...
https://kr.indeed.com/viewjob?jk=12c8bee7081002f4,[AI R&D] 플랫폼 개발 엔지니어 수시 채용,엔씨소프트 2.8 성남 판교역,,"학사 이상 경력기간 : 3년 ~ 필수조건 # 필요 역량 (AI 관련 지식 역량은 필수는 아닙니다.) - Python, Java 등 하나 이상의 프로그래밍 언어에 대한 이해 및 개발 경력을 가지신 분 - RDBMS 또는..."
https://kr.indeed.com/viewjob?jk=3caf63f1108ba3ca,SI 신입/경력,이엔유 대전 유성구,"연봉 26,000,000원 - 40,000,000원","연구노트 블로그 : https://enuspace.tistory.com 주요 수행 직무 - C/C++, Python, MFC, Javascript 언어를 이용한 소프트웨어 개발 - 그래픽 편집기/그래픽 엔진 개발 - 데이터베..."
https://kr.indeed.com/viewjob?jk=aa175ec71faec7eb,[전문연구요원] AI R&D - 플랫폼 연구 개발,엔씨소프트 2.8 성남 판교역,,"하여 AI 분야의 빠른 흐름에 대한 대응력을 갖춘다. 지원자격 학력 : 석사 이상 필수조건 # 필요 역량 - Python, Java 등 하나 이상의 프로그래밍 언어에 대한 이해 및 개발 경력을 가지신 분 - RDBMS 또는..."
https://kr.indeed.com/viewjob?jk=e5ca14de265f7fc9,Data Analyst,레이니스트 서울,,"가지신 분 Business Intelligence 시스템 및 비즈니스 리포팅 툴의 활용 능력 프로그래밍 언어( Python/R, etc)를 활용하여 데이터 분석이 가능하신 분 더 나은 데이터 기반 서비스를 만들기 위해 동료들과..."
https://kr.indeed.com/viewjob?jk=f319895f794dc277,"[경기지역 우수중소기업 온라인 박람회] (R&D, FAE, 기술영업)",소프트플로우 성남 수정구,,"영업 담당자 모집 공고 1. [R&D 분야] ㆍ개발언어: C/C++, Python (리눅스 기반 개발 경험) ㆍ경력 : 경력 2년 ~ 7년 ㆍ우대사항... 가능자 (C, C++, Java, Python 등) ㆍ경력 : 경력 2년..."
https://kr.indeed.com/viewjob?jk=9e6683a4a23002e1,[기술기획] [인사/경영지원] 사내시스템 개발자,한국카카오은행 성남 분당구,,통신·모바일·게임>응용프로그래머> Python|인터넷·IT·통신·모바일·게임... 게임>웹프로그래머>JAVA|인터넷·IT·통신·모바일·게임>웹프로그래머> Python|인터넷·IT·통신·모바일·게임>빅데이터·AI(인공지능)> Python
https://kr.indeed.com/viewjob?jk=f4a5057bd3043129,웹프론트엔드 개발자,Nexon 성남 분당구,,"능한 분 - 다양한 분야의 사람과의 협업 능력이 원활하신 분 우대사항 - Spring, Node.js, Python 등 한 가지 이상의 백엔드 기술에 대한 이해 - TypeScript 경험자 우대 - 프로젝트 설정부터..."
https://kr.indeed.com/viewjob?jk=b4bd6d5bad3b761c,사내 시스템 (O365) 구축/관리 엔지니어,Nexon 성남 분당구,,"가상화 플랫폼 구축/운영 경험자 - Windows 환경 운영에 따른 스크립트 경험자(Powershell, python 등) - 다양한 오픈소스를 활용하여 인프라 구축/운영 경험자 우대사항 - 사내 유관부서와 원활한 커뮤..."
https://kr.indeed.com/viewjob?jk=5e49f9d2a0120ab6,데이터 전문가 경력,LG CNS 3.7 서울,,"년 이상 ② R, Python, SQL 활용 가능 우대사항 (해당 내용 중 1개 이상) ① AI/빅데이터 분석 프로젝트 PM/PL 경험 보유 ② AI/빅데이터 분석 프로젝트 경험 10년 이상 ③ R, Python, SAS 중..."
https://kr.indeed.com/viewjob?jk=2e34d058bbb1ae0f,[KSTEC] 2020년 경력 사원 (SW개발자),지식시스템 성남 분당구,,"개발 (SPSS, SAS, R, Python, Java 기반) 2. 기업용... 경력 3년 ~ 10년 [기술요구사항] 1. SPSS, SAS, R, Python, Java 등 데이터분석/AI개발 도구 사용 가능자 2. Java..."
https://kr.indeed.com/viewjob?jk=952e0a8d9bac4aea,고성능 게임 피드백 서버 개발,Nexon 성남 분당구,,"및 ML 알고리즘을 실행 하는 서버 개발 지원자격 - (필수) 한 가지 이상의 개발 언어(C++, C#, Python 등)에 숙련된 프로그래밍 능력 - RESTful API 및 TCP/UDP 서버 개발 경험 및 네트워크와..."
https://kr.indeed.com/viewjob?jk=166aa0c72e94a266,Business Data Analyst,Soomgo 서울 강남구,,"즈니스에 적용하고 개선한 경험 (Google Optimize, Optimizely, 등) 우대사항 • Python 또는 R 을 사용하여 데이터 분석에 활용 가능 • 경영학, 통계학, 경제학, data analysis 등..."
https://kr.indeed.com/viewjob?jk=a8e330f542785ecf,프로그램 개발자,지오로그 안양 동안구,"연봉 30,000,000원 - 32,000,000원","학력 - 성별 무관 기타 담당업무 GIS를 이용한 프로그램 개발 및 유지보수 QGIS, PostgreSQL, Python, Java 상세모집요강 접수기간/방법 지원방법 전형절차 및 제출서류 제출서류 이력서에 응시분야..."
https://kr.indeed.com/viewjob?jk=c78a3c5d7bb7d883,데브옵스개발팀 - 웹 프로그래머,Nexon 성남 분당구,,"JSON 개발 - DB 모델링/개발 - 하나 이상의 프로그래밍 언어 (예 : Java, Go, Python, NodeJS 등)에 대한 깊이있는 지식 - 하나 이상의 웹 프론트엔드 프레임워크 (예: Vue.js..."
https://kr.indeed.com/viewjob?jk=4da4476e21040e45,정보 보안 운영 관리 엔지니어,이스트게임즈 서울 서초구,,"시도 분석) - 각종 보안 시스템 구축 및 운영 관리 (IPS, 웹 방화벽) - 업무 자동화 툴 개발 ( Python , Bash, PHP, C# 등) [자격요건] - 정보 시스템에 대한 기본적 이해도가 높은자 (Windows..."
https://kr.indeed.com/viewjob?jk=8a15326f80e07c08,Customer Operations Engineering Manager,Success Korea 대한민국,,experience in C++ or Java and Python - Network monitoring and application... C++ or Java and Python - Network...
https://kr.indeed.com/viewjob?jk=2892c67308e87f01,Field Data Scientist,Success Korea 경기도,,"Scripting experience required (e.g. Matlab, R, Python). Familiarity with analytics... e.g. Matlab, R, Python). Familiarity..."
https://kr.indeed.com/viewjob?jk=61ecdc0ef3cfb66a,[경력] 빅데이터 플랫폼 엔지니어,카카오 4.2 성남 판교역,,"원자격 <기술> 전산 전공 또는 그에 준하는 실무 경험을 갖추신 분 Java 필수, 그 외 Scala, Python, Ruby 중 1개 이상 언어로 개발 가능하신 분 하둡 플랫폼에 대한 기본 지식을 갖추신 분 하둡 클러스..."
https://kr.indeed.com/viewjob?jk=a358a39da5dfc360,[NAVERxLINE] Global Ad AI Engineer/AI Pl...,네이버 서울,,"learn, Tensorflow, PyTorch, MXNet 등 오픈소스 프레임워크 기반 개발 가능하신 분 - Python, Java, Scala 중 1개 이상의 언어를 활용한 소프트웨어 개발 역량 - 논문 습득, 이해 및..."
https://kr.indeed.com/viewjob?jk=0b03d57e900ac140,Security Engineer (모의해킹),Toss 서울 강남구,,"분 - INTEL/ARM 아키텍처 바이너리 분석 가능한 분 - 코드리뷰를 통한 보안 진단 능숙한 분 - Python, C, C++, C#, JAVA 중 프로그래밍 언어에 능숙한 분 # 우대 사항 - 버그바운트 경험이 있는 분..."
https://kr.indeed.com/viewjob?jk=0f664927507e6f96,영상처리 개발자 각 부문 (Verilog / SW / Unity),엠앤앤에이치 서울 성동구,"연봉 30,000,000원 - 52,000,000원","W 개발 (PC, 임베디드) - H.266 비디오 스트리밍 S/W 개발 자격요건 - C/C++, Python, OpenCV 필수 - 학력 : 대졸 이상 (4년) - 경력 : 신입 ~ 경력 5년이하 우대사항 - OpenGL..."
https://kr.indeed.com/viewjob?jk=481f953ccaa4bc96,AI 연구/개발 직군 모집,넷마블 서울 구로구,,"ML 관련 분야 경력 6년 이상 - Cloud 서비스 활용 경험 - Python, C/C++, SQL 사용 가능 - Tensorflow 또는 상응하는... 웹 서비스 구축 등 자격요건 - Python 에 능숙하고 C/C++ 혹은..."
https://kr.indeed.com/viewjob?jk=79eac74ad4394ffd,ICT/바이오 분야 대졸자 취업연계과정,한국폴리텍대학분당융합기술교육원 성남 분당구,,프로그래머>머신러닝(ML)|인터넷·IT·통신·모바일·게임>응용프로그래머> Python|인터넷·IT·통신·모바일·게임>응용프로그래머>증강현실(AR)|전자... 게임>빅데이터·AI(인공지능)> Python|인터넷·IT·통신·모바일·게임...
https://kr.indeed.com/viewjob?jk=ad669d082a9434cb,(E&M부문) TVING 경력사원 [추천/데이터개발],CJ ENM 서울 마포구,,"만 7년 이상 (과장~차장급) - 비즈니스 데이터 분석 실무 경험 [우대요건] - 데이터 처리 언어 (R, Python, Scala) 사용 경험 - 전체 분석 프로세스 경험 근무조건 근무지 : 서울시 마포구 상암동 근무조건..."
https://kr.indeed.com/viewjob?jk=7bd59201a82e59ed,[신규프로젝트] 차세대 콘솔 Maya 리거 채용,엔씨소프트 2.8 성남 판교역,,"동학, 변형 및 토폴로지에 대한 지식 - 캐릭터 제작 파이프 라인 및 워크 플로우 기술에 대한 지식 - Python, MEL,또는 기타 프로그래밍 언어 경험 - 문제 해결 능력 - 언리얼 등 상용엔진 응용 사용 경험 - 리깅..."
https://kr.indeed.com/viewjob?jk=07a8bb63e26d141c,딥러닝 알고리즘 및 응용 Engineer,딥엑스 성남 분당구,"연봉 40,000,000원 - 99,990,000원",게임>빅데이터·AI(인공지능)>tensorflow|인터넷·IT·통신·모바일·게임>빅데이터·AI(인공지능)> Python|인터넷·IT·통신·모바일·게임>빅데이터·AI(인공지능)>머신러닝|인터넷·IT·통신·모바일·게임>응용프로그래...
https://kr.indeed.com/viewjob?jk=d9a8d22b38653d34,[인재풀] Central Development Services,Electronic Arts 서울,,"제안 및 구현할 수 있는 능력 - C++, C#, Java, Object C 등의 프로그래밍 언어 및 Python, Shell Scripts, Ruby 등 스크립팅 능력 - 테스트 자동화, CI 시스템 등의 개발 및 관리..."
https://kr.indeed.com/viewjob?jk=e010f7780d479126,검색서비스 서버 개발 신입/경력,포티투마루 서울 관악구,,"성별 : 무관 - 모집인원 : 0명 [기술 지원자격] - Linux 환경 개발 경력 - C/Java/ Python 개발 경력 - 서버 개발/운영 경력 [우대사항] - 자연어처리, 정보검색, 기계학습, 데이터 마이닝..."
https://kr.indeed.com/viewjob?jk=8fc8bb954cdb6851,[kth] 2020년 7월 경력사원 (3차),케이티하이텔 서울 동작구,,용프로그래머> Python|인터넷·IT·통신·모바일·게임>웹프로그래머>JAVA|인터넷·IT·통신·모바일·게임>웹프로그래머> Python|인터넷·IT·통신... AI)|인터넷·IT·통신·모바일·게임>빅데이터·AI(인공지능)> Python
https://kr.indeed.com/viewjob?jk=ee4d4d032c3e47c8,2020년 각 부문 신입/경력,더이앤엠 서울,,"ㆍASP, Node.js, Python, Go, PHP 등 ㆍWOWZA... 데이터분석|인터넷·IT·통신·모바일·게임>빅데이터·AI(인공지능)> Python|인터넷·IT·통신·모바일·게임>빅데이터·AI(인공지능)>머신러닝|인터넷..."
https://kr.indeed.com/viewjob?jk=f3a14b3f8d9e3e12,네이버 쇼핑검색플랫폼 개발자,네이버 서울,,"info extraction [필요역량] - 아래 기술 중 어느 한가지를 능숙하게 다룰 수 있는 분 [ Java, Python, Spring boot/batch/cloud, Kotlin, React, Vue, Node.JS..."
https://kr.indeed.com/viewjob?jk=b2ebc1da56d8b120,GNI 소프트웨어 개발자,KAN 울산 북구,,"2,3년제 졸업자는 2년이상 경력자 C#, python 등 가능자 인터넷·IT·통신·모바일·게임>소프트웨어·하드웨어>소프트웨어"
https://kr.indeed.com/viewjob?jk=6644e94fb52e7c0b,[Search] Global API 서빙 플랫폼 개발,네이버 서울,,관련하여 2 년 이상 실무 경험 해 보신 분 ( 대학원 기간 포 함 ) - 프로그래밍 언어 (C/C++/Go/ Python) 중 1 개 이상을 주 개발 언어로 사용하시는 분 - Linux 의 command line 시스템에...
https://kr.indeed.com/viewjob?jk=98a7e11e153b9fdb,게임 데이터 분석가,쿡앱스 성남 분당구,,"데이터를 기반으로 한 커뮤니케이션 능력을 갖추신 분 수리적 직관 및 통찰력을 가지고 계신 분 우대사항 R, Python,Scala,SQL등의 툴을 이용한 데이터 분석 업무경험이 있으신 분 데이터 마이닝 및 머신러닝 관련 지식을..."
https://kr.indeed.com/viewjob?jk=0670de1bd35c0b7e,HANA Core Developer,SAP 4.3 서울,,"plus factors Fluency in C++, experience in SQL, Python, GoLang, Kubernetes, Docker Fluency in English Experience..."
https://kr.indeed.com/viewjob?jk=f674644621285e18,유명 바이오 의료기기 스타트업 백엔드 개발자 정규직,인파트너스 서울 서초구,"연봉 50,000,000원 - 60,000,000원","웹 개발 환경에 대한 이해와 경험 웹개발 경험: Golang(또는 Python Django), REST API 단위테스트 작성, TDD 개발 우대사항 Python(Django) 또는 Golang 개발 경험 javascript..."
https://kr.indeed.com/viewjob?jk=ea3b136c0ff59524,데이터분석가(게임어뷰징 탐지),Nexon 성남 분당구,,"시스템 운영 등의 빅데이터 활용 업무경력) - 논리적이고 체계적인 문제 해결 및 커뮤니케이션 능력 - Python, Scala 등과 같은 프로그래밍언어로 데이터 분석 및 모델링 능력 (탐색적 데이터분석/ 데이터 전처리..."
https://kr.indeed.com/viewjob?jk=bdd99d4562394ce5,FDS 서버 개발,LINE Plus corporation 성남 판교역,,"및 적용 [자격요건] - Java, Java Framework(Spring, Spring Boot), Python 언어에 능숙한 자 - 대용량 데이타 처리 시스템 개발 및 운영 - 신규 기술에 관심이 많고 빠르게 습득..."
https://kr.indeed.com/viewjob?jk=71c47ac87bb4087e,기술 인턴 인공지능 응용 연구/개발 인턴,써로마인드로보틱스 서울 관악구,,"6개월) (협의) *모집 절차: 서류 à인터뷰(오프라인) *지원 자격: 프로그래밍 언어 활용 능력: Python, C, C++ 중 1가지 이상 데이터구조, 알고리즘 과목 이수 머신러닝과 딥러닝의 기본 개념 이해 머신러닝..."
https://kr.indeed.com/viewjob?jk=b3bde1882ae8a1d8,[서울/수원/천안] IT 분야 취업 연계 훈련생,휴먼교육센터 천안 동남구,,통신·모바일·게임>빅데이터·AI(인공지능)>데이터분석|인터넷·IT·통신·모바일·게임>빅데이터·AI(인공지능)> Python|인터넷·IT·통신·모바일·게임>빅데이터·AI(인공지능)>머신러닝|인터넷·IT·통신·모바일·게임>빅데이터...
https://kr.indeed.com/viewjob?jk=665e5885dfd75df4,[카카오커머스] 기술직군,카카오커머스 성남 분당구,,"이터 엔지니어 경력 3년 이상 ㆍ프로그램 개발(Java, Scala, Python 등) 기술을 보유하신 분 ㆍ대용량 데이터에 대한 실시간/배치 서비스... Keras, Pytorch 등) ㆍ Python을 활용한 머신러닝/딥러닝..."
https://kr.indeed.com/viewjob?jk=d556a5075a39acee,데이터분석가(팀장급),리디 서울,,"대한 이해 및 활용 가능 데이터에 기반한 사고 능력 비즈니스 데이터 분석 실무 경험 데이터 처리 언어 (R, Python, Scala) 사용 경험 추가 정보 우대 사항 데이터 분석팀 리딩 경험 리디 서비스 사용 경험 통계..."
https://kr.indeed.com/viewjob?jk=85687b250386c4be,qe 소프트웨어 엔지니어,에이치알 코리아 대한민국,,"process improvements • Strong scripting experience with Python, Shell Scripts, Ruby, etc. • Ability to code competently..."
https://kr.indeed.com/viewjob?jk=2156fff00dd5ce3e,연구소 개발부문 연구원 직원 (회로설계/하드웨어설계/머신비전/이미지프로세...,모든 경기도 광명,"연봉 40,000,000원 - 42,000,000원","프로그래밍 가능자 우대 S/W 설계 부문 : - OPEN CV, TENSORFLOW, YOLO, CUDA/ Python, C++, C WindowsGUL APL, MFC Lib 활용 가능자. 머신비전/ 영상처리 개발자 * 전기..."
https://kr.indeed.com/viewjob?jk=2c01efd167df86c4,데이터 분석가(팀원급),리디 서울,,"이해 및 활용 가능 데이터에 기반한 사고 능력 비즈니스 데이터 분석 실무 경험 데이터 처리 언어 (R, Python, Scala) 사용 경험 추가 정보 우대 사항 리디 서비스 사용 경험 통계 모델링 또는 머신러닝 경험..."
https://kr.indeed.com/viewjob?jk=741cc6ac364ea9be,Internal Infra Engineer,Toss 서울 강남구,,분 # 우대 사항 - Nutanix/VMWare 구축 운영 경험이 있으신 분 - Powershell 또는 Python 등을 사용한 시스템 관리 자동화 경험이 있으신 분 - 100명 이상 규모의 L3/L4 네트워크 관리 또는...
https://kr.indeed.com/viewjob?jk=09771a6f79b71060,Business Data Analyst (Hakuna),하이퍼커넥트 서울,,Excel Preferred Qualifications Comfort with R... Python Familiarity with Bigquery and Data Studio 360 English language...
https://kr.indeed.com/viewjob?jk=80e215cfdccb251c,SW개발자 0명 자동화 산업장비 제조업,자동화 산업장비 제조업 대한민국,,4) 물류자동화장비 소프트웨어 유경험자 [우대사항] 1) 해당업무 유경험자 2) C# / .NET / Python / Database / UI개발 경험자 3) CIM 개발 경험자 우대 4) 중국어 가능자 우대 *근무지...
https://kr.indeed.com/viewjob?jk=f6eab56d19bce5b1,(주)후로스와 함께 하실 소프트웨어 개발자,후로스 경기도 군포,,"언어: C++ 보조 언어: C, Python 프레임워크: Qt5 OSS... 로그래머> Python|인터넷·IT·통신·모바일·게임>웹프로그래머> Python|인터넷·IT·통신·모바일·게임>빅데이터·AI(인공지능)> Python|인터..."
https://kr.indeed.com/viewjob?jk=5ed0334bca0963cb,[Autonomous Driving] Virtual Environment...,네이버 서울 • 재택 근무,,"C/C++, Software Design, Debugging Skills ㅇ 스크립트 언어 개발 경험 ( Python, Bash, etc) ㅇ Embedded Platform과 System Software 개발 경험 및 이해..."
https://kr.indeed.com/viewjob?jk=0d5c5371dd25b265,백엔드 개발자(데이터 엔지니어) - Junior,유저해빗 서울 마포구,"연봉 35,000,000원 - 45,000,000원","Cloudera , Hortonworks 등 Hadoop Cluster 설치 및 운영 경험 - 언어 : Python, Go - 스타트업 경험 -즉시출근 가능 1 명 근무조건 고용형태: 정규직(수습기간3개월) 급여조건: 연봉..."
https://kr.indeed.com/viewjob?jk=c7ab58eff236b6b6,백엔드 엔지니어,RIDI Corp 서울,,"대용량 트래픽 운영 경험 MSA에 대한 이해도가 있으신 분 RDBMS에 대한 깊은 이해도가 있으신 분 Python/Django 개발 경험이 있으신 분 콘텐츠 혹은 커머스 서비스 개발 경험 [지원 시 유의 사항] 이름, E..."
https://kr.indeed.com/viewjob?jk=00a89d974a463f1f,FPGA 플랫폼 엔지니어(딥러닝 하드웨어 프로세서 개발),딥엑스 성남 분당구,"연봉 40,000,000원 - 99,990,000원","사용 경험 : Chip Scope/SignalTap - Language: Python/Perl, C/C++ - Vivado 또는 Synplify 또는... 게임>빅데이터·AI(인공지능)> Python|인터넷·IT·통신·모바일·게임..."
https://kr.indeed.com/viewjob?jk=7acf56f46a29347d,2020년 수시 머신러닝(S/W) (8월17일 마감),에스에프에이 경기도 화성,,인터넷·IT·통신·모바일·게임>응용프로그래머>C·C++|인터넷·IT·통신·모바일·게임>응용프로그래머>C#|인터넷·IT·통신·모바일·게임>응용프로그래머> Python|인터넷·IT·통신·모바일·게임>웹프로그래머> Python
https://kr.indeed.com/viewjob?jk=4484523b503e0f07,Chief Technology Officer,Asiance 서울,,"mainly. • 배포는 주로 Docker 사용. • Python, Node.js, Java, PHP for backend development. • Python, Node.js, Java, PHP 등을 사용하여 백엔드 개발..."
https://kr.indeed.com/viewjob?jk=41fbae1f0736eca8,일본 소프트웨어 엔지니어 연수과정 3기 (K-MOVE 해외취업),JMP KOREA 서울,,게임>빅데이터·AI(인공지능)> Python|인터넷·IT·통신·모바일·게임... 웹프로그래머> Python|인터넷·IT·통신·모바일·게임>응용프로그래머>증강현실(AR)|인터넷·IT·통신·모바일·게임>응용프로그래머> Python|인터넷...
https://kr.indeed.com/viewjob?jk=e787fde04b998e1a,게임이상탐지팀 서비스 개발자,Nexon 성남 분당구,,"대용량 데이터를 요청에 맞게 전달하는 API 개발 - AWS 인프라 구축 및 운영업무 지원자격 - python, node.js, C#, Java등 한 가지 이상의 언어를 능숙히 사용 가능하신 분 - 관련 분야 5년 이상..."
https://kr.indeed.com/viewjob?jk=2b6b0c6baeda2c99,"[DGB자산운용] 주식운용, 마케팅",디지비자산운용 서울 영등포구,,"주식운용 및 리서치 경험자 - 계량 리서치, 퀀트 모델링 경험자 - 프로그래밍 가능자(SQL, VBA, R, Python 등) 2) 마케팅 - 담당업무 : 리테일 마케팅 - 직급 : 대리급 이하 - 지원자격 ① 판매채널 펀드..."
https://kr.indeed.com/viewjob?jk=aac8e9355cb855ac,[인재풀] 아티스트,Electronic Arts 서울,,Maya or 3D Max등의 아트웍 툴 사용 경험 - Max script 또는 Mel Script의 사용 경험 - C# 또는 Python 언어에 대한 이해 및 활용 능력 - 아트웍 관련 툴 제작 또는 플러그인 제작 경험
https://kr.indeed.com/viewjob?jk=85929aac498299cc,데이터 사이언스 전문가 및 머신러닝 전문가,카카오 4.2 성남 판교역,,명시해 주시기 바랍니다. 지원자격 개발 경력 2년 이상 머신 러닝/데이터 사이언스를 위한 언어(R/ Python/Scala) 및 도구(scikit-learn/Spark MLlib/Tensorflow/Pytorch 등)를...
https://kr.indeed.com/viewjob?jk=afe92c03320fe1b3,카카오 광고 서비스 알고리즘 및 시스템 개발,카카오 4.2 성남 판교역,,"하고 싶습니다. 지원 자격 (공통) 하나 이상의 프로그래밍 언어에 익숙한 분 (C/C++, Java, Python, Go, Scala 등) 알고리즘 개발 업무 관련 데이터 마이닝 또는 머신러닝 지식/경험이 풍부한 분 (통계..."
https://kr.indeed.com/viewjob?jk=cae2de07045cfb2b,"Java, Python 영상툴 개발자",에이아이메이커 서울 마곡동,,원하면 가능) 담당업무 - 영상 라벨링 Tool 개발 - Tool 정확성 개선 자격요건 - Java - Python 우대사항 - 관련 개발 경력 - 툴개발 경력 근무조건 - 월~금 AM9:30 ~ PM18:30 복지...
https://kr.indeed.com/viewjob?jk=f55c3b3dac4b56c3,길벗출판사 IT 자원 관리와 개발 담당 경력직,도서출판 길벗 서울 마포구,,부탁드립니다. 인터넷·IT·통신·모바일·게임>웹프로그래머>PHP |인터넷·IT·통신·모바일·게임>웹프로그래머> Python|인터넷·IT·통신·모바일·게임>데이터베이스·DBA>MySQL|인터넷·IT·통신·모바일·게임>데이터베이스...
https://kr.indeed.com/viewjob?jk=af96fe64997f8ef3,주요정보통신기반시설 취약점진단분석평가 전문가(경력),한국정보기술단 과천 과천시,,"자격요건] - 3년 이상 취약점분석평가 업무 경험자 - Shell, batch, Excel, VBA, Python 프로그램 개발 가능자 - 분석평가보고서, 제안서 작성 숙달자 - 기반보호법, 정보통신망법, 개인정보보호법 숙지..."
https://kr.indeed.com/viewjob?jk=a3915d1c3ad1fc52,쇼핑몰 운영관리 파이썬 업무자동화 신입사원,하루HaRU 인천 부평구,"월급 1,800,000원 - 2,000,000원",담당업무 당사는 인터넷 전자상거래 업체로 사세 확장으로 다음과 같은 분을 모십니다. 인터넷 쇼핑몰 관리자 python 개발자 (업무 자동화와 향후 드론 개발관련) 쇼핑몰 디자이너 상세모집요강 접수기간/방법 지원방법 전형...
https://kr.indeed.com/viewjob?jk=b9b6f9cb761d47ac,[Clova] 음성인식 엔진/BE/FE 개발 경력사원,네이버 서울,,"처리: Kafka, HBase, ElasticSearch, MySQL, Kibana - 언어: C/C++, Python, Go - Javascript(최소 ES5 이상) 기본 지식을 보유하신 분 - HTML/CSS 기본 지식..."
https://kr.indeed.com/viewjob?jk=ad07d6a330fb619a,TOAST Cloud 운영 및 기술지원,NHN 4.4 성남 판교역,,"Linux, Microsoft Solutions 등) - 2년 이상의 개발 경험 (Java, Python 등) - 기술 문서 작성 및 가이드 경험이 풍부한 자 - 대외 고객 기술 지원 경험 - Windows..."
https://kr.indeed.com/viewjob?jk=90b92d20e472bea0,빅데이터 분석/서비스 담당자,케이뱅크은행 서울 종로구,,"이터 분석 실무 경력 2년 이상 - 데이터마이닝, 로그분석, 모형 개발 업무 경험자 우대사항 - SQL/R/ Python 활용 중상급 이상 - 데이터 분석 기반의 문제 해결 경험 및 컨설팅 경험자 근무조건 [근무조건] - 근무..."
https://kr.indeed.com/viewjob?jk=fc8610435f70bb0a,HANA Core Senior Developer,SAP 4.3 서울,,"plus factors Fluency in C++, experience in SQL, Python, GoLang, Kubernetes, Docker Fluency in English Experience..."
https://kr.indeed.com/viewjob?jk=9702f48d57992395,(쿠키런: 오븐브레이크) 데이터과학자 (인턴),데브시스터즈 서울 신사동,,"국한되지 않으며 PC, 콘솔 등 다양한 플랫폼에서) - Python Skill: Python을 활용한 데이터 처리에 능숙하신 분 -SQL Skill... 고하여 작성 필수 항목: 1) Python 또는 SQL 프로그래밍 역량 2..."
https://kr.indeed.com/viewjob?jk=a9263d07724127fb,[인공지능 전문기업] 각 직무별 경력직,마인즈랩 성남 분당구,,"양식 커리어 온라인 이력서 직무/산업 직무별(직종) 웹기획.웹마케팅.PM웹마스터 웹프로그래머JSP, JAVA, Python 응용프로그래머Unix, Linux 시스템프로그래머시스템프로그래머 인공지능(AI).빅데이터인공지능(AI..."
https://kr.indeed.com/viewjob?jk=94bbaed0e8988ea6,[TmaxAI/기술] 기술지원 엔지니어,티맥스소프트 성남 분당구,,"IOS 등 다양한 OS 경험이 있으신 분 AWS, Google Cloud 등 Cloud 환경 경험자 Python/ C++/ Java 등 프로그래밍 언어 개발 역량 보유자 프로젝트 리딩 경험 보유자 모집기간 2020..."
https://kr.indeed.com/viewjob?jk=30397f4de3627e9d,Data Engineer,Toss 서울 강남구,,"등) 활용 경험이 있으신 분 - 데이터 분석도구 개발을 위한 소프트웨어 개발 역량(Java, Scala, Python 등)을 갖추신 분 # 우대 사항 - Kinesis, Kafka 구축 및 운영 경험 - 중급 이상의 프로그래..."
https://kr.indeed.com/viewjob?jk=c6e0b428a62c7eaa,경험최적화파트 - 데이터 사이언티스트/분석가,Nexon 성남 분당구,,피처 탐색 등) - 게임내 행동패턴 로그 분석과 패턴 식별 및 이를 통한 서비스 개선 지원자격 - Python을 사용한 데이터 분석 및 모델 개발 경험 - 머신러닝 라이브러리 활용 경험 - 셀프 모티베이션 - 원활한...
https://kr.indeed.com/viewjob?jk=e4d7fe9715ea7b87,[AI Service] 서버 개발자 채용,엔씨소프트 2.8 성남 판교역,,"4년 이상의 서버 개발 또는 시스템 개발 경력 (필수) - REST API 설계 및 개발 - Java나 Python 등 하나 이상의 프로그래밍 언어에 대한 깊이 있는 이해 - MySQL(Maria DB), SQL Server..."
https://kr.indeed.com/viewjob?jk=4950da9759506364,의료용 X-Ray 분석 AI 전문가,엔가든 대구 서구,"월급 3,500,000원","의료용 AI 솔루션 연구 [자격 요건 ] - 경력 2년 이상 보유 - OpenCV를 활용한 비젼 분석 가능 - Python 등 빅 데이터 분석 툴 활용 능력 - Tensorflow, Pytorch, Keras 등 Deep..."
https://kr.indeed.com/viewjob?jk=ca4d4ecf4f8d81d8,[KSTEC] RPA 시스템 개발 경력사원,지식시스템 성남 분당구,,통신·모바일·게임>웹프로그래머>JAVA|인터넷·IT·통신·모바일·게임>웹프로그래머>.NET|인터넷·IT·통신·모바일·게임>웹프로그래머> Python|인터넷·IT·통신·모바일·게임>웹프로그래머>HTML·DHTML·mHTML
https://kr.indeed.com/viewjob?jk=5e0c8f9297574c0b,"Application Engineer, Expert",Keysight Technologies 서울,,"Test Automation Programming skills includes .NET ,C++,C#, Python , Labview • Strong interest in solution development..."
https://kr.indeed.com/viewjob?jk=dea246efe3aa55a7,[AI검색플랫폼] 머신러닝 개발자,카카오엔터프라이즈 성남 분당구,,분 (Java/ Python 선호) ・ (우대) 머신러닝 관련 업무 유경험자 ・ (우대) NMT 관련 업무 유경험자 ✔ 지식그래프 품질 및 관련 연구 ・ (필수) 하나 이상의 능숙한 프로그래밍 언어가 있으신 분 ( Python...
https://kr.indeed.com/viewjob?jk=6b86ea39985912b6,TOAST Cloud 사업기획/영업,NHN 4.4 성남 판교역,,"Linux, Microsoft Solutions 등) - 2년 이상의 개발 경험 (Java, Python 등) - 기술 문서 작성 및 가이드 경험이 풍부한 자 - 대외 고객 기술 지원 경험 공통지원자격..."
https://kr.indeed.com/viewjob?jk=9e1ab356c0d2de12,Datacenter Engineer (강원도 춘천 근무),Oracle 3.8 서울,,"Base Operating System Install • Some experience with Perl, Python, Bash or Java • Core OS Services: ssh, telnet, ftp, nfs..."
https://kr.indeed.com/viewjob?jk=653076b96698fd08,신규MMORPG 프로젝트 TA,Nexon 성남 분당구,,"게임 좋아하고 즐기시는 분 (장르 불문) - 모바일 MMORPG TA 경력 - Max Script, Python, C #, 등으로 Script & Tool 제작 - UE4 Blueprint 등으로 테크 데모 제작..."
https://kr.indeed.com/viewjob?jk=b1376913a965e740,Machine Learning Senior Software Enginee...,Qualcomm Korea YH 서울,,related field - Proficiency in C/C++ programming¿ - Python programming - 7+ years Software Engineering or related work...
https://kr.indeed.com/viewjob?jk=432b169b273d9964,"R&D Engineer, Sr I",Synopsys 서울,,end to back-end Strong software programming skills in C++ and python is required Inclusion and Diversity are important to us...
https://kr.indeed.com/viewjob?jk=14ca14209b44c665,[GC녹십자지놈]BI팀 팀원,녹십자지놈 용인 기흥구,,"보학 전공자 3. 프로그래밍 가능자 ( Python, Perl, R 등) 4... 터넷·IT·통신·모바일·게임>웹프로그래머> Python|인터넷·IT·통신·모바일·게임>응용프로그래머> Python|인터넷·IT·통신·모바일·게임>빅데이터..."
https://kr.indeed.com/viewjob?jk=09682af104f3eaac,2020년도 국비기술교육생,대한상공회의소 광주인력개발원 광주 광산구,,통신·모바일·게임>빅데이터·AI(인공지능)>머신러닝|인터넷·IT·통신·모바일·게임>빅데이터·AI(인공지능)> Python|인터넷·IT·통신·모바일·게임>빅데이터·AI(인공지능)>하둡(Hadoop)|인터넷·IT·통신·모바일·게임...
https://kr.indeed.com/viewjob?jk=b35da47f5e84c9b4,콘텐츠서비스개발팀 - 데이터분석가,Nexon 성남 분당구,,"적인 문제 해결 및 커뮤니케이션 능력 - 새로운 기술 습득에 능동적이고 거부감이 없는 분 우대사항 - Python , Scala 을 이용한 데이터분석 능력 - SQL 기본 활용 능력 - 통계 및 분석에 대한 이론 지식..."
https://kr.indeed.com/viewjob?jk=abfc94fd3a20ea51,mmWave HW Design Engineer,Apple 서울,,"Momentum Programming and scripting languages... C, Java, Python, MySQL, or MATLAB Description - Collaborate closely..."
https://kr.indeed.com/viewjob?jk=92bd400e3b5306ba,[Clova] Clova AI 인재,네이버 서울,,"산시스템 등 CS 핵심 전공 지식 관련한 수준 높은 이해 Git을 능숙하게 사용 백엔드 서버 구현 역량 ( Python, Golang, Java Spring, node.js 등) Mobile App 개발 Objective..."
https://kr.indeed.com/viewjob?jk=3b752abecf619fe5,플랫폼 채팅모듈 개발자,Nexon 성남 분당구,,"대사항 - 대규모 동시 접속 및 고용량 데이터 처리 경험 - Unix/Linux 시스템에 대한 이해 - Python, Java, Event-Driven Framework에 대한 이해 - TCP/IP와 네트워크 프로그래밍..."
https://kr.indeed.com/viewjob?jk=097c35ed002a62e5,NAVER IDC 서버 운영/관리(평촌),NIT Service 안양 동안구,,"사항] - Web, WAS에 대한 지식과 System application 운영 경험 - Shell script, python 활용 가능 - 해외 데이터센터 인프라 구축 또는 운영 경험 [고용형태] - 정규직 [근무지역..."
https://kr.indeed.com/viewjob?jk=48090bdf1303bd76,매칭팀 - 데이터분석가,Nexon 성남 분당구,,및 대시보드 설계 지원자격 - (필수) 데이터 정제 및 머신러닝 기법 적용에 필요한 프로그래밍 능력 (R or Python) - (필수) SQL 기본 활용 능력 - (선택) Spark를 활용한 데이터 처리 및 분석 능력...
https://kr.indeed.com/viewjob?jk=07375dc4e800dfa9,추천 시스템 소프트웨어 엔지니어,카카오 4.2 성남 판교역,,"관련 업무 경험자 우대사항 운영체제, 네트워크, 컴파일러, 데이터베이스에 대한 이해가 깊으신 분 Python, C++, GPU 프로그래밍 숙련자 대용량/실시간 서비스 개발/운영 경험이 많으신 분 ICPC/TopCoder..."
https://kr.indeed.com/viewjob?jk=fb476a4cff4acfe5,초소형/소형 위성의 비행 및 자세제어 S/W 연구개발자 초빙,스페이스케이 대전 유성구,"연봉 30,000,000원 - 32,000,000원",지원자격 경력 신입·경력 학력 - 성별 무관 기타 담당업무 비행제어 및 자세제어 S/W 연구개발 C/C++ 및 Python 개발 경험자 초소형 및 소형 위성 유경험자 우대 초소형 및 소형 위성 프로젝트 경험자 우대 - 고용보험...
https://kr.indeed.com/viewjob?jk=b79c2ae536063b01,[전문연구요원] 상시,네이버 서울,,"Tool Engineer ㅇ Python/C/C++ 언어 개발 용이 ㅇ... Design, Debugging Skills ㅇ스크립트 언어 개발 경험 ( Python, Bash, etc.) ㅇ Embedded Platform과..."
https://kr.indeed.com/viewjob?jk=bfe0f5ac4f32ec89,추천 통계분석/데이터사이언티스트,카카오 4.2 성남 판교역,,기능 기계학습 모델링 지원자격 개발 경력 3년 이상 숙련된 데이터분석 능력 데이터 사이언스를 위한 언어( Python/R) 를 하나 이상 능숙하게 다룰 수 있으신 분 분석 결과를 설득력있게 전달할 수 있는 분 우대사항...
https://kr.indeed.com/viewjob?jk=1748baa27965fdbf,"MVP 개발 엔지니어(서버, 웹프론트) (정규직, 계약직, 프리랜서)",더테스터 대전 중구,,1년 이상의 서버 개발 경험 · 아래 옵션 중 하나의 기술 스택 사용 - JAVA기반의 Spring - Python 기반의 Django - Ruby 기반의 Rails 우대사항 · 팀단위로 프로젝트를 수주해본 적 있는...
https://kr.indeed.com/viewjob?jk=d585814d097935eb,카카오톡 보이스톡/페이스톡/라이브톡 개발자,카카오 4.2 성남 판교역,,"우대 사항 ✓ Spring/Java 혹은 Spring/Kotlin 기반 서버 개발 경험 ✓ MySQL, Python, JavaScript, Node.js 경험 ✓ 모바일/웹 환경을 위한 API 시스템 개발 경험 ✓ k8s..."
https://kr.indeed.com/viewjob?jk=eb45c08f4c4a43d8,Data Analyst,Axiologic Solutions 서울,,"algorithms and data manipulation capabilities using R, Python, C++, JavaScript, Go, and other known programming languages..."
https://kr.indeed.com/viewjob?jk=2695294aea6dc3b6,MongoDB Engineer,카카오 4.2 성남 판교역,,수 있는 분 Linux/Network에 대한 기초 지식이 있는 분 우대 사항 C/C++ 또는 Python 언어를 이용한 프로그램 개발(프로젝트) 경험이 있는 분 MongoDB 트러블 슈팅 경험이 있는 분 MongoDB...
https://kr.indeed.com/viewjob?jk=385c58c7ced1d77b,데이터 사이언티스트 지향하는 데이터 엔지니어,카카오 4.2 성남 판교역,,"Spark 등 빅데이터 분석 플랫폼을 사용하여 대용량 데이터의 수집,가공이 가능한 분 프로그램 개발(Java, python 등) 기술을 보유하신 분 어떤 일이라도 중요하게 여기며 책임감 있게 진행할 수 있으신 분 자신의 생각..."
https://kr.indeed.com/viewjob?jk=285996f91e76a862,"NAVER, LINE 서비스 플랫폼 운영",NIT Service 성남 삼평동,,"네이버/라인 서비스 플랫폼운영이란, 국내 및 해외를 포함하여 글로벌하게 제공되는 네이버/라인 서비스인 V앱, 파파고, 네이버클라우드플랫폼, 웨일, 네이버메인, 메일, 카페, 블로그, N드라이브, 폴라, 라인/라인플레이 등의..."
https://kr.indeed.com/viewjob?jk=96688eea9c1a9e28,Security Engineer (취약점 분석),Toss 서울 강남구,,"# 자격 요건 - 모의해킹 및 취약점 점검 경력이 있는 분 - 소스 코드 정적 취약점 점검에 능숙한 분 - Python, C, C++, JAVA 중 프로그래밍 언어에 능숙한 분 # 우대 사항 - 국내 또는 국외 버그 바운티..."
https://kr.indeed.com/viewjob?jk=8925ce6bab9d00d6,바디모션 캡처기술 인공지능(AI) 연구개발 전문기업,인공지능(AI) 연구개발 전문기업 경기도,,대한 이해 - Tensorflow/Pytorch 등 딥러닝 프레임워크에 대한 깊은 이해와 연구 개발 경험 보유 - Python/C++에 대한 능숙한 개발 경험 7) 우대사항 - 관련 분야 박사학위 소지자 - 인공지능(Deep...
https://kr.indeed.com/viewjob?jk=04d685fc70b67d4e,Linux/Python/PHP/MySQL/백엔드 정규직 경력,일루미나리안 용인 보정동,,"보유 - DBMS(MySQL or MariaDB), scripting Language: bash, python, OOP 언어 중 가능자 - Back-End 서버를 개발해 보신 분 [우대사항] - Go(aka GoLang..."
https://kr.indeed.com/viewjob?jk=530a598184580c95,데스크탑 가상화(VDI) 엔지니어,카카오 4.2 성남 판교역,,"기본적 이해 리눅스 시스템에 대한 기본적 이해 우대사항 시스템 엔지니어 경력자 Powershell, Python, Shell 스크립트를 이용한 인프라 관리 자동화 경험자 부드러운 커뮤니케이션, 친절한 마인드의 소유자..."
https://kr.indeed.com/viewjob?jk=68ee194a9d487aac,Data Engineer,고도소프트 서울 구로구,,"MongoDB, CouchBase, Hadoop, Redis 등 운영 경험이 있는 분 - PHP, Python, JAVA, GO 중 1개 이상 사용한 개발이 가능한 분 우대사항 - Spark, ELK, R, MapReduce..."
https://kr.indeed.com/viewjob?jk=fb6bafb5ae960c4e,Security Engineer (보안 엔지니어),Toss 서울 강남구,,"시스템 구축 및 운영 경험이 있는 분 - SIEM 운영, 로그 분석 및 대응 자동화 경험이 있는 분 - Python, Java 또는 C 계열 프로그래밍에 대한 높은 이해 또는 개발 경험이 있는 분 # 우대 사항 - CISSP..."
https://kr.indeed.com/viewjob?jk=19b44e0d17d112e2,분석실 - 베이지안 분석 전문가,Nexon 성남 분당구,,"동으로부터 피드백을 받아 최적화 모델을 개선합니다. - 주요 활용 tool : SQL, zeppelin, python, tableau 지원자격 - (필수) 논리적이고 체계적인 문제 해결 및 커뮤니케이션 능력을 소유하신 분..."
https://kr.indeed.com/viewjob?jk=747e809417b65ce3,Data Scientist (LINE TIMELINE),LINE Plus corporation 성남 서현역,,"Spark 등 대용량 데이터 처리 프레임워크에 대한 경험 - Python, R, SQL 등의 언어를 능숙하게 사용할 수 있는 능력 [우대사항... 원자 : '장애인증명서 또는 복지카드' 첨부 # Data # Python"
https://kr.indeed.com/viewjob?jk=4fa50f2ffd370bae,얼굴모션 캡처기술 인공지능(AI) 연구개발 전문기업,인공지능(AI) 연구개발 전문기업 경기도,,대한 이해 - Tensorflow/Pytorch 등 딥러닝 프레임워크에 대한 깊은 이해와 연구 개발 경험 보유 - Python/C++에 대한 능숙한 개발 경험 7) 우대사항 - 관련 분야 박사학위 소지자 - 인공지능(Deep...
https://kr.indeed.com/viewjob?jk=ec186421898dffeb,부경대학교 시간강사 경력,부경대학교 산학협력단 부산 남구,,부문 및 자격요건 담당업무 채용예정자훈련 “빅데이터를 활용한 자바 개발자”과정 시간강사 - 빅데이터 “파이썬( Python) + 하둡(Hadoop)” 강의 자격요건 지역산업맞춤형인력양성사업 운영규정 “강사 기준안” 의거 B등급...
https://kr.indeed.com/viewjob?jk=f45fd0309dff04fc,[TmaxAI/R&D] AI본부 R&D 개발 연구원 신입/경력 (병역특례...,티맥스소프트 서울,,"석사 이상 학위 소지자만 가능 (현 전문연구요원 근무자 전직 가능) 우대사항 R&D 연구경력 개발자 우대 - Python 프로그래밍 유경험자 우대 - 머신러닝, 딥러닝 연구경력 (PyTorch, Tensorflow) 우대..."
https://kr.indeed.com/viewjob?jk=e795dbc603d84601,전략솔루션 본부 인턴,현대자산운용 대한민국,,"아님) - MS OFFICE 등 문서작업 능통자 우대- 유관 자격증 소지자 우대(투자자산운용사)- 프로그래밍( Python, R 등) 가능자 우대 - 금융기관 신원조회 시 이상이 없는 분 6. 전형 절차 서류전형->1차 실무..."
https://kr.indeed.com/viewjob?jk=fb617eeb80ea6fa9,AI/빅데이터/클라우드 분야 (인재 Pool),LG유플러스 3.8 서울,,"Science를 위한 언어(R/ Python) 및 Tool(scikit-learn/Tensorflow 등) 능숙자 . Deep Learning Model 구현 경험자 . Java, Python등을 이용하여 분석을 위한 Data..."
https://kr.indeed.com/viewjob?jk=2bf26529770cdc22,"Analog Design Engr, Sr II",Synopsys 경기도 성남,,"control/data-capture. •Experience with TCL, Perl, C, Python, MATLAB. Inclusion and Diversity are important to us. Synopsys..."
https://kr.indeed.com/viewjob?jk=4233609a843b5e96,분석지원팀 - 데이터 분석가,Nexon 성남 분당구,,및 커뮤니케이션 능력 - (필수) 새로운 기술 습득에 능동적이고 거부감이 없는 분 - (선택) R 혹은 Python을 이용한 데이터분석 능력 - (선택) SQL 기본 활용 능력 - (선택) 통계 및 분석에 대한 이론...
https://kr.indeed.com/viewjob?jk=324c4d2fbbec4bd7,풀스텍 개발자,thecompany 경상남도,"연봉 40,000,000원 - 50,000,000원",래머>백엔드|인터넷·IT·통신·모바일·게임>웹프로그래머>프론트엔드|인터넷·IT·통신·모바일·게임>웹프로그래머> Python|인터넷·IT·통신·모바일·게임>응용프로그래머>생체인식(바이오인식)|인터넷·IT·통신·모바일·게임>응용프...
https://kr.indeed.com/viewjob?jk=3a08c7089343733d,광고팀 - 분석가,Nexon 성남 분당구,,및 커뮤니케이션 능력 - (필수) 새로운 기술 습득에 능동적이고 거부감이 없는 분 - (선택) R 혹은 Python을 이용한 데이터분석 능력 - (선택) SQL 기본 활용 능력 - (선택) 통계 및 분석에 대한 이론...
https://kr.indeed.com/viewjob?jk=0bce5c7e8c1e521d,[피파온라인4] 테크니컬 아티스트,Electronic Arts 서울,,"Max script, Mel Script 1) - Understanding and utilizing C# or Python language - Experience creating or plug-in tools related..."
https://kr.indeed.com/viewjob?jk=8c8700db243d1a3c,Applications Engineer (Library Character...,Synopsys 서울,,"Working knowledge of scripting languages like TCL, Unix Shell, Python, or Perl. Prior AE/design experience is a plus. Working..."
https://kr.indeed.com/viewjob?jk=83d8d1095db19dde,(주)넷타겟 Bio-IT 융합 연구소 AI 연구원,넷타겟 대전 유성구,"연봉 50,000,000원 - 90,000,000원","처리 등 [ 연구도구 ] Python 3, Jupyter Notebook... 그래머>인공지능(AI)|인터넷·IT·통신·모바일·게임>응용프로그래머> Python|전자·기계·기술·화학·연구개발>바이오·식품공학>바이오|전자·기계·기술..."
https://kr.indeed.com/viewjob?jk=c2f5f53dc48263eb,Machine Learning Researcher – On-device...,Qualcomm Korea YH 서울,,"experiences • Algorithm implementation experiences using python with deep learning platform, e.g. PyTorch, TensorFlow..."
https://kr.indeed.com/viewjob?jk=c388192aa3ac0634,Staff AE,Synopsys 서울,,"enhancement of advanced technology rule decks using TCL, Python or Perl. Key Qualification The person should have minimum 12..."
https://kr.indeed.com/viewjob?jk=092d062a6faa7139,데이터 분석가,카카오 4.2 성남 판교역,,"이터 분석 지원자격 데이터 분석 업무를 수행할 수 있는 하나 이상의 언어 스킬 필수 (예. SQL, Python, R 등) 데이터 기반 프로젝트 경험이 있으신 분 (예: 통계 분석 프로젝트) 어떤 일이라도 중요하게 여기..."
https://kr.indeed.com/viewjob?jk=d5be40de21d8637a,Senior Field Service Engineer,Huntington Ingalls Industries Inc. 경기도 평택,,"Technical background with working knowledge of HTML, Ruby, Python... Java Knowledge of hardware, networks, and server..."
https://kr.indeed.com/viewjob?jk=089931931a0474d5,소형전지사업부 경력,삼성SDI 3.9 충청남도 천안,,"천안 전공분야 - 컴퓨터/시스템 전자/전기 기계/산공 전문지식 - Java, C#, C++, Python - Orade (PL/SQL) - Automod, VisualComponent - 통신프로그래밍 경험자..."
https://kr.indeed.com/viewjob?jk=de567c4b6b588c4c,NAVER IDC 서버 운영/관리(춘천),NIT Service 춘천 동면,,"Web, WAS에 대한 지식과 System application 운영 경험 - Shell script, python 활용 가능 - 해외 데이터센터 인프라 구축 또는 운영 경험 [고용형태] - 정규직 [근무지역] - 춘천..."
https://kr.indeed.com/viewjob?jk=dcee817bbb81f872,"S/W 엔지니어, C·C++ 외 신입/경력 정규직",이투비비 서울 금천구,,"자격요건 담당업무 자격요건 인원 [담당업무] 프로그래밍 개발 (C++, Python...) [근무부서 및 직급/직책] 근무부서: 소프트웨어 개발 직급... 그래머>C·C++|인터넷·IT·통신·모바일·게임>응용프로그래머> Python"
https://kr.indeed.com/viewjob?jk=b5b718f91de3cd29,(Social & O2O) Frontend Web,에이치에너지 서울 강남구,,접수양식: 인크루트 이력서 기타 유의사항 입사지원서 및 제출서류에 허위사실이 있을 경우 채용이 취소될 수 있습니다. 인터넷·IT·통신·모바일·게임>웹프로그래머>프론트엔드|인터넷·IT·통신·모바일·게임>웹프로그래머> Python
https://kr.indeed.com/viewjob?jk=f313fb5e0eb39349,아이나비 ADAS 영상처리 알고리즘 개발자 신입 및 경력 모집,팅크웨어(주) 관심기업 성남 삼평동,,신입무관 - 영상처리 알고리즘 개발 유경험자 - 딥러닝에 기반한 영상 분석 및 인식에 대한 이해 - Python/C++에 대한 능숙한 개발 경험 우대사항 - 관련분야 석·박사급 전공자 - Vehicle / Lane...
https://kr.indeed.com/viewjob?jk=48ab3226e83d9f51,[Mobile] 데이터 개발 (인프라),PUBG 서울,,"개발 경험 3년 이상 - Workflow 관리도구(Airflow, Luigi, Talend등) 경험 - Python/Scala 를 이용한 데이터 처리 능력 - AWS 클라우드 인프라 사용 경험(EC2, RDB, EMR 등..."
https://kr.indeed.com/viewjob?jk=23c508d0e45dfac7,리눅스 엔지니어 경력직,와이엘아이티 서울 구로구,"연봉 30,000,000원","Kubernetes) 기반 Private Cloud 구축 및 운영 [우대조건] 스크립팅 능력(bash, perl, python, ansible) 관련 자격증 보유자 - 경력조건 경력 필요경력 3년 0개월 자격면허 1 정보처..."
https://kr.indeed.com/viewjob?jk=0f7280d26837bc74,[홈쇼핑모아] 검색 개발팀 / 백엔드 엔지니어,버즈니 서울,,API 개발 홈쇼핑모아 서버 인프라 스트럭처 이런 분을 찾습니다 관련 업무 경력 최소 3년 이상 있으신 분 Python 및 기반 프레임워크 개발 경험이 있으신 분 Docker(Contatiner) 기반 시스템 환경 구축 경험...
https://kr.indeed.com/viewjob?jk=3929f9c03665e38e,Credit Risk Manager,Toss 서울 강남구,,"장상황 및 변화에 대한 전략적/분석적 능력을 보유하신 분 - SAS, SQL, KnowlegeSEEKER, Python, R 등 Tool사용이 가능하신 분 - 원활한 커뮤니케이션 가능하신 분 # 우대 사항 - 신용대출/신용카..."
https://kr.indeed.com/viewjob?jk=3292e81e43884c67,Web 개발(이커머스 파트)_PHP/CodeIgniter/Javascri...,버드뷰 서울 마포구,,익숙하신 분 개발 환경 - Mysql - PHP / CodeIgniter - Javascript - Python / Django - Git / Github / Git flow 업무 역량 (1) 문제인식 주어진 상황이나...
https://kr.indeed.com/viewjob?jk=d8b903e3573250b1,Alibaba Cloud Intelligence Solutions Arc...,Alibaba 서울,,"solutions for enterprise customers. - Experience with Java/PHP/ Python/Scala/Go/C++ development, familiar with JDBC, XML, Web..."
https://kr.indeed.com/viewjob?jk=0603915c22b61354,"프로그래머 _딥러닝,텐서플로우,어플리케이션,웹프로그램,응용프로그램",웹플래너 서울 용산구,"연봉 26,000,000원 - 36,000,000원","소기업을 대상으로 하는 프로그램을 개발을 하며, 자체 소프트웨어를 개발하는 업무입니다. 필요기술 : php, python, html, jsp, mySQL, c++, C#, TensorFlow 등 [근무시간 및 형태] 주 5일..."
https://kr.indeed.com/viewjob?jk=b5d086ce8b1b9497,Cloud Solution Engineer (Database),Oracle 3.8 서울,,"타 오라클 제품과 오라클 데이터베이스 연동 경험 - 어플리케이션 개발 경험 : Java, Node.js, Python 등 - DB 마이그레이션 경험 - 타 클라우드 DB 서비스(AWS, Azure, GCP 등) 경험..."
https://kr.indeed.com/viewjob?jk=e0506fe72721e74d,Data Engineer,하이퍼커넥트 서울,,"및 Data Pipeline 설계, 운영, Troubleshooting 경험 혹은 그에 상응하는 업무 능력 Python 혹은 Scala, SQL 실무 경험 담당 업무에 강한 오너십, 추진력 있는 리더십, 문제 해결을 위한..."
https://kr.indeed.com/viewjob?jk=513eac573df04da8,[홈쇼핑모아] 핵심기능 개발팀 / 백엔드 엔지니어,버즈니 서울,,API 개발 홈쇼핑모아 서버 인프라 스트럭처 이런 분을 찾습니다 관련 업무 경력 최소 3년 이상 있으신 분 Python 및 기반 프레임워크 개발 경험이 있으신 분 Docker(Contatiner) 기반 시스템 환경 구축 경험...
https://kr.indeed.com/viewjob?jk=37127548f83bb7f7,[Search] 네이버 웹검색 연구/개발 경력사원,네이버 서울,,러닝 패키지 중 한가지를 자신있게 활용할 수 있는 능력 • Linux에서의 개발작업이 익숙하며 Java/ Python/C++ 중 한가지 언어를 잘 다루는 능력 [우대사항] • 검색서비스의 수집/정제/랭킹개발업무 경력 • 포털...
https://kr.indeed.com/viewjob?jk=ecc4154e1f4d28a8,Android Software Engineer,하이퍼커넥트 서울,,"및 네트워크 지식 및 경험 Unit 테스트 작성과 mocking에 대한 경험이 많거나, 흥미가 많으신 분 Python 스크립트 작성 경험 코드 보안에 관심 많으신 분 내부 세미나 또는 블로깅 등의 방법으로 본인의 지식을 공유..."
https://kr.indeed.com/viewjob?jk=257110e5aec08f6d,[Clova] Clova 머신러닝 Scientist 개발 신입/경력사원,네이버 서울,,"관련 전공 석 / 박사 학위 보유자 또는 관련 업계 경력 보유자 - Programming Skill · Python (Tensorflow, PyTorch 등의 오픈소스 프레임워크 기반 개발 역량 ) [우대사항 ] · ML..."
https://kr.indeed.com/viewjob?jk=270453864b584a4c,SNOW KREAM DevOps 엔지니어,네이버 서울,,"독특한 거래 플랫폼을 경험하며 덕업일치로 신나게 일하기를 원하는 분들에게 최적의 포지션입니다. 지원자격 - Python 중급 이상 - Cloud Platform (PaaS) AWS, Google Cloud, MS Azure..."
https://kr.indeed.com/viewjob?jk=302d30039bca3be7,"[정규직] 웹 개발자 (프론트 엔드, 리눅스, 자바스크립트)",카이팜 서울 서대문구,,"상세 이력서 등록하기 지원양식 커리어 온라인 이력서 직무/산업 직무별(직종) 웹프로그래머웹프로그래머, Python 응용프로그래머Linux 서버.보안.네트워크.DB서버구축, 서버관리 HTML코딩.퍼블리셔자바스크립트 산업별(업종..."
https://kr.indeed.com/viewjob?jk=8035a20439985c71,DevOps Engineer,딜리버리히어로코리아 서울 서초동,,"과 Container Orchestration Tool에 대한 지식 그 외 이런 것이 있으면 더 좋겠어요 Python, Django 관련 경험 Script language 활용 경험 Terraform 활용 경험..."
https://kr.indeed.com/viewjob?jk=bdc7ff4fe680136c,Cloud Solution Engineer (Migration & Int...,Oracle 3.8 서울,,"타 클라우드(AWS, Azure, GCP) Migration/Integration 경험 - Java, Python 등 개발언어 사용 능력 - 오픈소스 환경에서 개발 및 운영 경험 : Apache, Tomcat, MySQL 등..."
https://kr.indeed.com/viewjob?jk=74251f5bc8513064,"C,C++ 개발 (영상관제, 스마트시티 보안 솔루션)",비에이블컨설팅그룹 서울 구로구,,인터넷·IT·통신·모바일·게임>응용프로그래머>인공지능(AI)|인터넷·IT·통신·모바일·게임>응용프로그래머> Python|인터넷·IT·통신·모바일·게임>네트워크·서버·보안>TCP·IP·IPX|인터넷·IT·통신·모바일·게임>네트워...
https://kr.indeed.com/viewjob?jk=efd81084f3510f70,"PHP, Python 웹 개발 경력자 (경력10년이상, 광고플랫폼 개발)",피넛테크 서울 강남구,"연봉 40,000,000원 - 70,000,000원","타겟팅 광고솔루션 개발 ; 서버단 설계, 백앤드 개발 ; 개발팀 관리 운영 (개발팀장) 3. 필수 역량 ; Python Back-end 개발, Flask 개발, 운영 경험 ; PHP Back-end 개발, Laravel 개발..."
https://kr.indeed.com/viewjob?jk=696bd888225c1898,"IOT하드웨어 경력 / 유망 IOT, 학습용 로봇회사",타겟컨설팅 서울 강남구,,"Fi, Bluetooth) 개발 경험 • Cortex 등 MCU Firmware 개발 경험 • C/C++/ Python 프로그램 개발 경험 0 명 근무조건 고용형태: 정규직 근무부서: HW팀 급여조건: 연봉 협의 후 결정 전형..."
https://kr.indeed.com/viewjob?jk=267bc36bd591c7e7,"데이터분석, 데이터분석 외 경력 정규직",제나 (ZENA Inc.) 서울 성동구,,"ㆍIRB(생명윤리위원회) 연구 심의신청 및 관리 유경험자 우대 ㆍR, Python, SQL 등 데이터 분석 도구 활용 가능자 우대 00 명 근무조건... 게임>빅데이터·AI(인공지능)> Python|인터넷·IT·통신·모바일·게임..."
https://kr.indeed.com/viewjob?jk=8c4a3a7f8bc104a3,"인공지능(AI), 딥러닝 경력 정규직",스칼라웍스 서울 금천구,,"전공하거나 학술적으로 이해하고 있으며 Data Analysis 및 DNN Design 가능한 인재 1) Python을 활용한 DNN Application 개발 능력 필수 2) C++, OpenCV 및 R 실무 경력자 우대 3..."
https://kr.indeed.com/viewjob?jk=6d0388270778d803,[홈쇼핑모아] 개발팀 / 백엔드 엔지니어,버즈니 서울,,API 개발 홈쇼핑모아 서버 인프라 스트럭처 이런 분을 찾습니다 관련 업무 경력 최소 3년 이상 있으신 분 Python 및 기반 프레임워크 개발 경험이 있으신 분 Docker(Contatiner) 기반 시스템 환경 구축 경험...
https://kr.indeed.com/viewjob?jk=02dd3cb5f0906404,Data Engineer,레이니스트 서울,,"이상 Data Collection, Data Pipeline, Data Warehouse 구축 경험 보유 Python / Java(Scala) 를 이용하여 데이터 처리 개발 가능 AWS, GCP 중 하나 이상의 클라우드 환경..."
https://kr.indeed.com/viewjob?jk=81538d5eb86c2bff,(Clova) 음성 합성 기술 개발 신입/경력사원 모집,NAVER 3.9 성남 정자동,,"보유자 우대 - 최신 딥러닝 및 기계학습 모델링 기법을 활용한 서비스 개발 경험자 우대 - C/C++, Python 등 개발 숙련자 우대 채용하고 싶은 사람 - 여러 사람들과 즐겁게 협업할 수 있는 분 - 특정 방법..."
https://kr.indeed.com/viewjob?jk=16dff836029458af,"모바일 앱 서버 개발(Java, Python)",휴먼디지털 서울,,"Python) 자격조건 - 정보시스템 설계 및 데이터 마이닝용 시스템 설계. - 모바일 앱 서비스용 서버 API 설계 및 개발. - 주소록 동기화, Confirmed Push 경험 하신 분 우대. - 자바, Python..."
https://kr.indeed.com/viewjob?jk=562362d965048f19,[경기지역 우수중소기업 온라인 박람회] 각 부문별 개발자 (C# java...,브릭 성남 분당구,,"충분한 배경지식 - 영문 자료를 쉽게 찾고 분석할 수 있는 어학능력 - 필요한 알고리즘을 구현하기 위한 Python, R 언어 활용능력 [우대사항] - 실무 알고리즘 개발 경험 - 머신러닝 시스템 구성과 동작에 대한 이해 0..."
https://kr.indeed.com/viewjob?jk=74d66a601cc8dde0,DBA,Toss 서울 강남구,,DBA 3년 이상) 경험 있으신 분 - SQL을 숙련되게 다루시는 분 - Shell 운영 스크립트 개발이 가능하신 분 # 우대 사항 - NoSQL (MongoDB) 운영경험이 있는 분 - Python 개발이 가능하신 분
https://kr.indeed.com/viewjob?jk=86f59be0ef305a68,신용리스크관리 담당자 채용,케이뱅크은행 서울 중학동,,"빅데이터(비금융정보, 비정형 데이터 등) 분석 경험 우대 - 데이터 분석 역량 우대 (SAS, R, Python 등) - 금융권 신용리스크관리 업무 경력 5년 이상 우대 - 통계학, 산업공학, 컴퓨터공학 전공자 우대..."
https://kr.indeed.com/viewjob?jk=add49cd5049070c5,11번가 CS DB데이터 추출/분석 분야,십일번가 서울 중구,,"니다. 직무/산업 직무별(직종) 서버.보안.네트워크.DB데이터베이스, DBA, MySQL, 데이타마이닝 인공지능(AI).빅데이터인공지능(AI), 빅데이터, R, Python 산업별(업종) 쇼핑몰.오픈마켓.소셜커머스 전자상거래"
https://kr.indeed.com/viewjob?jk=32da80d36f2abbf2,Software Engineer - Machine Learning Pla...,PUBG 서울,,"GCP 등 클라우드 플랫폼에 대한 지식 및 사용 경험 - 최소 1가지 프로그래밍 언어를 능숙하게 사용: Python, Java, Scala, Go 등 - API 백엔드 설계 혹은 개발 혹은 운영해 본 경험 - Docker에..."
https://kr.indeed.com/viewjob?jk=5b2f0b2dccd6b92b,Public Cloud 인프라 운영,인터파크홀딩스 서울 강남구,,"Cloud / 가상화 플랫폼 운영 경험자 (Hyper-V, KVM, OpenStack) Golang, Python, Powershell, bash의 프로그램 개발 경험 및 자동화 스크립트 경험자 Ansible, Puppet..."
https://kr.indeed.com/viewjob?jk=025677c2637bef23,데이터플랫폼 개발자 모집,넷마블 서울 구로구,,웨어 API 서버 개발/운영 - 스케쥴에 의한 Batch 작업 스크립트 개발/운영 자격요건 - Java/ Python 중 1개 이상 프로그래밍 경력 3년 이상 - Unix 운영체제 기초 지식 및 Shell 개발 경험 3년...
https://kr.indeed.com/viewjob?jk=e42dff836a3182d7,반응형웹개발자(3년이상),에이치알 코리아 대한민국,,웹 및 plug-in 개발(java 기반) - 서버 개말 및 유지보수( python _ django framework) - 외부와의 협업 프로젝트 관리... 웹 그리고 플러그인 개발 경력 - python 개발 및 활용이 능통한자...
https://kr.indeed.com/viewjob?jk=f0651a7717791bc3,AR App Engineer,하이퍼커넥트 서울,,"지신 분 스스로 문제를 정의하고 해결책을 제시할 수 있는 분 Java, Objective C(Swift), Python 등 다양한 언어 경험 OpenCV 활용 (Image Processing 이해) 채용형태/근무시간 정규..."
https://kr.indeed.com/viewjob?jk=5d2bbe4c649db4f4,DevOps Engineer,Toss 서울 강남구,,"요건 - 4년 이상의 소프트웨어 엔지니어링 혹은 시스템 운영 경험이 있으신 분 - C, Golang, Python, Javascript 중 하나 이상의 언어에 능숙하신 분 - 대규모의 분산환경에서 ELK 기반 metric..."
https://kr.indeed.com/viewjob?jk=58776016fbc8665f,Data Platform Engineer,Toss 서울 강남구,,"및 활용 경험이 있는 분 - 데이터플랫폼 관리 및 운영도구 개발을 위한 프로그램 능력을(Java, Python) 갖춘 분 # 우대 사항 - 하둡 에코시스템을 서비스에 맞게 재구성하거나 개선한 경험이 있는 분 - Machine..."
https://kr.indeed.com/viewjob?jk=09c53aae27d4639b,[스타트업] 태스크마켓 (경력/신입),플레이미션 서울 강남구,,재무·회계·경리>경리>경리|인터넷·IT·통신·모바일·게임>웹프로그래머> Python|디자인>광고·CG·시각디자인>일러스트레이터|경영·인사·총무·사무>인사·채용·인재개발(HRM·HRD)>인사기획|경영·인사·총무·사무>인사·채용...
https://kr.indeed.com/viewjob?jk=ab6d748f635fcc41,경력사원 상시 (AI 기획 및 개발),신세계아이앤씨 서울 중구,,경험자 [기술요소] - R 및 Python 기반 시스템 개발 및 운영 경험... 그래머> Python|인터넷·IT·통신·모바일·게임>응용프로그래머> Python|인터넷·IT·통신·모바일·게임>빅데이터·AI(인공지능)> Python|인터...
https://kr.indeed.com/viewjob?jk=8aa6a1ad593e15c6,"보안 솔루션(CAS) 개발 (C,C++)",비에이블컨설팅그룹 서울 구로구,,인터넷·IT·통신·모바일·게임>응용프로그래머>인공지능(AI)|인터넷·IT·통신·모바일·게임>응용프로그래머> Python|인터넷·IT·통신·모바일·게임>네트워크·서버·보안>TCP·IP·IPX|인터넷·IT·통신·모바일·게임>네트워...
https://kr.indeed.com/viewjob?jk=b13fd66d9ad27fb5,"[어니컴(주)] 영상 처리 개발자(컴퓨터 비전, 딥러닝) 경력자",어니컴 서울 중구,,게임>빅데이터·AI(인공지능)> Python|인터넷·IT·통신·모바일·게임... 모바일·게임>응용프로그래머> Python|인터넷·IT·통신·모바일·게임>웹프로그래머>JAVA|인터넷·IT·통신·모바일·게임>웹프로그래머> Python
https://kr.indeed.com/viewjob?jk=312454e44592db50,[경력] 데이터 아키텍트(DA),현대엠엔소프트 서울 용산구,,"Server, PostgreSQL [우대 역량 및 경험] - R, Python, 머신러닝 ,딥러닝 등 통계/분석 역량 - 데이터 분석 경험 - 빅데이... 게임>빅데이터·AI(인공지능)> Python|인터넷·IT·통신·모바일·게임..."
https://kr.indeed.com/viewjob?jk=ceb8243bc8ae3c35,[홈쇼핑모아] 개발팀 / 데이터 엔지니어,버즈니 서울,,개발 사내 데이터 분석 도구 개발 및 유지보수 이런 분을 찾습니다 관련 업무 경력 최소 3년 이상 있으신 분 Python 및 기반 데이터 플랫폼 개발 경험이 있으신 분 Docker(Contatiner) 기반 시스템 환경 구축...
https://kr.indeed.com/viewjob?jk=6718bba08ef6e20b,모바일 앱 보안 솔루션 개발부문,스틸리언 서울 용산구,,"Android/iOS 모바일 앱 보안 제품입니다. - 앱수트는 C, Python 등을 통해 주로 개발합니다. - 앱수트 제품군에는 위변조 방지, 난독... 2) - Objective C, Python, C언어, Swift 개발..."
https://kr.indeed.com/viewjob?jk=bf5ddfaad952bfb7,(주)티피엠엔 온라인 광고 데이터 분석 직무,티피엠엔 서울 강남구,,"R, Python, Spark 등의 언어에 대한 이해도 보유 ㅇ우대사항 1) 전공계열 : 수학, 통계학, 통계분석 등 2) 어학 : 독해, 작문 가능 3) 기타 • 새로운 조직 문화와 스타트업 환경에 대한 적응력 - 스타트업..."
https://kr.indeed.com/viewjob?jk=49335253c9d14ed4,Software Engineer,Nexon 성남 분당구,,"데이터 분석 알고리즘 개발 지원자격 - 관련 직군 2년 이상 경력 - 웹어플리케이션 개발 경력 - Python, C#, Java 중 최소 1개 언어에 대한 경험이 있는 분 - SQLServer, Mysql과 같은..."
https://kr.indeed.com/viewjob?jk=330df011c452156e,[Clova] AI Platform Ecosystem 개발자 신입/경력사...,네이버 서울,,"문제 분석 및 해결 능력이 뛰어나신 분 - 기술 습득이 빠르고 새로운 분야에 적응할 수 있는 분 - Python, Go, C++ 등 하나 이상의 언어에 능숙하신 분 ﻿ [우대사항] - Angular, Typescript..."
https://kr.indeed.com/viewjob?jk=85929aac498299cc,데이터 사이언스 전문가 및 머신러닝 전문가,카카오 4.2 성남 판교역,,명시해 주시기 바랍니다. 지원자격 개발 경력 2년 이상 머신 러닝/데이터 사이언스를 위한 언어(R/ Python/Scala) 및 도구(scikit-learn/Spark MLlib/Tensorflow/Pytorch 등)를...
https://kr.indeed.com/viewjob?jk=d56db98820a1324c,스크립트 개발 프로그래머,Nexon 성남 분당구,,"있습니다. [주요업무] - JavaScript 및 기타(Lua, Python) 스크립트 엔진 연동, 프로젝트에 맞게 수정 및 최적화 - MOD... 개발이 가능한 분 - Lua, Python 등 다른 스크립트 언어에 대한..."
https://kr.indeed.com/viewjob?jk=0d5c5371dd25b265,백엔드 개발자(데이터 엔지니어) - Junior,유저해빗 서울 마포구,"연봉 35,000,000원 - 45,000,000원","Cloudera , Hortonworks 등 Hadoop Cluster 설치 및 운영 경험 - 언어 : Python, Go - 스타트업 경험 -즉시출근 가능 1 명 근무조건 고용형태: 정규직(수습기간3개월) 급여조건: 연봉..."
https://kr.indeed.com/viewjob?jk=d556a5075a39acee,데이터분석가(팀장급),리디 서울,,"대한 이해 및 활용 가능 데이터에 기반한 사고 능력 비즈니스 데이터 분석 실무 경험 데이터 처리 언어 (R, Python, Scala) 사용 경험 추가 정보 우대 사항 데이터 분석팀 리딩 경험 리디 서비스 사용 경험 통계..."
https://kr.indeed.com/viewjob?jk=2b1c5b35b97700fc,인프라 플랫폼 개발자,고도소프트 서울 구로구,,"NHN고도의 신규 서비스 개발 자격요건 - 웹개발 경력 1년 이상 ~ 5년 이하 - PHP(주 개발언어), python, java중 하나 이상 개발이 가능한 분. - Database 이해도가 높은 분 - 개발 프레임워크 사용..."
https://kr.indeed.com/viewjob?jk=80e215cfdccb251c,SW개발자 0명 자동화 산업장비 제조업,자동화 산업장비 제조업 대한민국,,4) 물류자동화장비 소프트웨어 유경험자 [우대사항] 1) 해당업무 유경험자 2) C# / .NET / Python / Database / UI개발 경험자 3) CIM 개발 경험자 우대 4) 중국어 가능자 우대 *근무지...
https://kr.indeed.com/viewjob?jk=85687b250386c4be,qe 소프트웨어 엔지니어,에이치알 코리아 대한민국,,"process improvements • Strong scripting experience with Python, Shell Scripts, Ruby, etc. • Ability to code competently..."
https://kr.indeed.com/viewjob?jk=2c01efd167df86c4,데이터 분석가(팀원급),리디 서울,,"이해 및 활용 가능 데이터에 기반한 사고 능력 비즈니스 데이터 분석 실무 경험 데이터 처리 언어 (R, Python, Scala) 사용 경험 추가 정보 우대 사항 리디 서비스 사용 경험 통계 모델링 또는 머신러닝 경험..."
https://kr.indeed.com/viewjob?jk=5ed0334bca0963cb,[Autonomous Driving] Virtual Environment...,네이버 서울 • 재택 근무,,"C/C++, Software Design, Debugging Skills ㅇ 스크립트 언어 개발 경험 ( Python, Bash, etc) ㅇ Embedded Platform과 System Software 개발 경험 및 이해..."
https://kr.indeed.com/viewjob?jk=c7ab58eff236b6b6,백엔드 엔지니어,RIDI Corp 서울,,"대용량 트래픽 운영 경험 MSA에 대한 이해도가 있으신 분 RDBMS에 대한 깊은 이해도가 있으신 분 Python/Django 개발 경험이 있으신 분 콘텐츠 혹은 커머스 서비스 개발 경험 [지원 시 유의 사항] 이름, E..."
https://kr.indeed.com/viewjob?jk=3d0fef92805a8c7c,[서울지사] 데이터 분석가,네오플 서울 강남구,,"분석해보고 싶은 주제와 방법론'이 있는 분 - 수학/통계 및 알고리즘에 대한 이해 및 활용 능력 - R, Python 등 자신에게 익숙한 툴을 활용한 데이터 가공 능력 - Word, Excel, PPT 활용능력 - 우수한..."
https://kr.indeed.com/viewjob?jk=665e5885dfd75df4,[카카오커머스] 기술직군,카카오커머스 성남 분당구,,"이터 엔지니어 경력 3년 이상 ㆍ프로그램 개발(Java, Scala, Python 등) 기술을 보유하신 분 ㆍ대용량 데이터에 대한 실시간/배치 서비스... Keras, Pytorch 등) ㆍ Python을 활용한 머신러닝/딥러닝..."
https://kr.indeed.com/viewjob?jk=741cc6ac364ea9be,Internal Infra Engineer,Toss 서울 강남구,,분 # 우대 사항 - Nutanix/VMWare 구축 운영 경험이 있으신 분 - Powershell 또는 Python 등을 사용한 시스템 관리 자동화 경험이 있으신 분 - 100명 이상 규모의 L3/L4 네트워크 관리 또는...
https://kr.indeed.com/viewjob?jk=1dfcccd87594a1a8,Production Data Analyst,하이퍼커넥트 서울,,활용할 수 있도록 가이드 Minimum Qualifications 능숙한 SQL 구현 역량 R 또는 Python 분석 코드 구현 역량 Preferred Qualifications 데이터 관련 분야 학위 보유 머신러닝...
https://kr.indeed.com/viewjob?jk=79eac74ad4394ffd,ICT/바이오 분야 대졸자 취업연계과정,한국폴리텍대학분당융합기술교육원 성남 분당구,,프로그래머>머신러닝(ML)|인터넷·IT·통신·모바일·게임>응용프로그래머> Python|인터넷·IT·통신·모바일·게임>응용프로그래머>증강현실(AR)|전자... 게임>빅데이터·AI(인공지능)> Python|인터넷·IT·통신·모바일·게임...
https://kr.indeed.com/viewjob?jk=952e0a8d9bac4aea,고성능 게임 피드백 서버 개발,Nexon 성남 분당구,,"및 ML 알고리즘을 실행 하는 서버 개발 지원자격 - (필수) 한 가지 이상의 개발 언어(C++, C#, Python 등)에 숙련된 프로그래밍 능력 - RESTful API 및 TCP/UDP 서버 개발 경험 및 네트워크와..."
https://kr.indeed.com/viewjob?jk=b3bde1882ae8a1d8,[서울/수원/천안] IT 분야 취업 연계 훈련생,휴먼교육센터 천안 동남구,,통신·모바일·게임>빅데이터·AI(인공지능)>데이터분석|인터넷·IT·통신·모바일·게임>빅데이터·AI(인공지능)> Python|인터넷·IT·통신·모바일·게임>빅데이터·AI(인공지능)>머신러닝|인터넷·IT·통신·모바일·게임>빅데이터...
https://kr.indeed.com/viewjob?jk=0b03d57e900ac140,Security Engineer (모의해킹),Toss 서울 강남구,,"분 - INTEL/ARM 아키텍처 바이너리 분석 가능한 분 - 코드리뷰를 통한 보안 진단 능숙한 분 - Python, C, C++, C#, JAVA 중 프로그래밍 언어에 능숙한 분 # 우대 사항 - 버그바운트 경험이 있는 분..."
https://kr.indeed.com/viewjob?jk=166aa0c72e94a266,Business Data Analyst,Soomgo 서울 강남구,,"즈니스에 적용하고 개선한 경험 (Google Optimize, Optimizely, 등) 우대사항 • Python 또는 R 을 사용하여 데이터 분석에 활용 가능 • 경영학, 통계학, 경제학, data analysis 등..."
https://kr.indeed.com/viewjob?jk=8a15326f80e07c08,Customer Operations Engineering Manager,Success Korea 대한민국,,experience in C++ or Java and Python - Network monitoring and application... C++ or Java and Python - Network...
https://kr.indeed.com/viewjob?jk=ef05281bd02652a8,Data Analyst,Toss 서울 강남구,,"소지하신 분 혹은 경험이 풍부하신 분 - Data Warehouse 구축 지식이나 경험이 있으신 분 - Python, R, Spark 등 언어 및 데이터 프로세싱 프레임워크에 대한 이해도가 높은 분 - 필요한 데이터를 스스로..."
https://kr.indeed.com/viewjob?jk=2e34d058bbb1ae0f,[KSTEC] 2020년 경력 사원 (SW개발자),지식시스템 성남 분당구,,"개발 (SPSS, SAS, R, Python, Java 기반) 2. 기업용... 경력 3년 ~ 10년 [기술요구사항] 1. SPSS, SAS, R, Python, Java 등 데이터분석/AI개발 도구 사용 가능자 2. Java..."
https://kr.indeed.com/viewjob?jk=b83e48f219011128,매칭팀 - 프로그래머,Nexon 성남 분당구,,"상의 서비스 개발과 운영 - 게임 매치메이킹, 추천 시스템 개발 지원자격 - 한 가지 이상의 개발 언어( Python, C++, C#, Go 등)에 숙련된 프로그래밍 능력 우대사항 - 게임 개발 또는 라이브 서비스 경험이..."
https://kr.indeed.com/viewjob?jk=61ecdc0ef3cfb66a,[경력] 빅데이터 플랫폼 엔지니어,카카오 4.2 성남 판교역,,"원자격 <기술> 전산 전공 또는 그에 준하는 실무 경험을 갖추신 분 Java 필수, 그 외 Scala, Python, Ruby 중 1개 이상 언어로 개발 가능하신 분 하둡 플랫폼에 대한 기본 지식을 갖추신 분 하둡 클러스..."
https://kr.indeed.com/viewjob?jk=4da4476e21040e45,정보 보안 운영 관리 엔지니어,이스트게임즈 서울 서초구,,"시도 분석) - 각종 보안 시스템 구축 및 운영 관리 (IPS, 웹 방화벽) - 업무 자동화 툴 개발 ( Python , Bash, PHP, C# 등) [자격요건] - 정보 시스템에 대한 기본적 이해도가 높은자 (Windows..."
https://kr.indeed.com/viewjob?jk=c78a3c5d7bb7d883,데브옵스개발팀 - 웹 프로그래머,Nexon 성남 분당구,,"JSON 개발 - DB 모델링/개발 - 하나 이상의 프로그래밍 언어 (예 : Java, Go, Python, NodeJS 등)에 대한 깊이있는 지식 - 하나 이상의 웹 프론트엔드 프레임워크 (예: Vue.js..."
https://kr.indeed.com/viewjob?jk=09771a6f79b71060,Business Data Analyst (Hakuna),하이퍼커넥트 서울,,Excel Preferred Qualifications Comfort with R... Python Familiarity with Bigquery and Data Studio 360 English language...
https://kr.indeed.com/viewjob?jk=a8e330f542785ecf,프로그램 개발자,지오로그 안양 동안구,"연봉 30,000,000원 - 32,000,000원","학력 - 성별 무관 기타 담당업무 GIS를 이용한 프로그램 개발 및 유지보수 QGIS, PostgreSQL, Python, Java 상세모집요강 접수기간/방법 지원방법 전형절차 및 제출서류 제출서류 이력서에 응시분야..."
https://kr.indeed.com/viewjob?jk=28fe1c7cb71014dc,2020 KB데이타시스템 경력직 상시,KB데이타시스템 서울 마포구,,오픈소스를 이용한 개발경험 - Docker등 컨테이너 기술에 대한 이해 - TDD/DDD에 대한 이해 - Python. Nodeis등의 언어사용 경험 PaaS 개발 경력 0명 [지원자격] - Linux Redhat/Ubunt...
https://kr.indeed.com/viewjob?jk=6e9819bc1b7015c9,[기술플랫폼실] 정보보호 담당자 영입,카카오페이 성남 분당구,,"술적 지식과 설계, 구축, 운영 등 역량을 보유하신 분 - 개발언어(Shell script, JAVA, Python 등)에 대한 이해 및 코드리뷰와 관련한 역량을 보유하신 분 - ISMS-P, PCI-DSS, ISO27001..."
https://kr.indeed.com/viewjob?jk=a358a39da5dfc360,[NAVERxLINE] Global Ad AI Engineer/AI Pl...,네이버 서울,,"learn, Tensorflow, PyTorch, MXNet 등 오픈소스 프레임워크 기반 개발 가능하신 분 - Python, Java, Scala 중 1개 이상의 언어를 활용한 소프트웨어 개발 역량 - 논문 습득, 이해 및..."
https://kr.indeed.com/viewjob?jk=2892c67308e87f01,Field Data Scientist,Success Korea 경기도,,"Scripting experience required (e.g. Matlab, R, Python). Familiarity with analytics... e.g. Matlab, R, Python). Familiarity..."
https://kr.indeed.com/viewjob?jk=afe92c03320fe1b3,카카오 광고 서비스 알고리즘 및 시스템 개발,카카오 4.2 성남 판교역,,"하고 싶습니다. 지원 자격 (공통) 하나 이상의 프로그래밍 언어에 익숙한 분 (C/C++, Java, Python, Go, Scala 등) 알고리즘 개발 업무 관련 데이터 마이닝 또는 머신러닝 지식/경험이 풍부한 분 (통계..."
https://kr.indeed.com/viewjob?jk=00a89d974a463f1f,FPGA 플랫폼 엔지니어(딥러닝 하드웨어 프로세서 개발),딥엑스 성남 분당구,"연봉 40,000,000원 - 99,990,000원","사용 경험 : Chip Scope/SignalTap - Language: Python/Perl, C/C++ - Vivado 또는 Synplify 또는... 게임>빅데이터·AI(인공지능)> Python|인터넷·IT·통신·모바일·게임..."
https://kr.indeed.com/viewjob?jk=5e49f9d2a0120ab6,데이터 전문가 경력,LG CNS 3.7 서울,,"년 이상 ② R, Python, SQL 활용 가능 우대사항 (해당 내용 중 1개 이상) ① AI/빅데이터 분석 프로젝트 PM/PL 경험 보유 ② AI/빅데이터 분석 프로젝트 경험 10년 이상 ③ R, Python, SAS 중..."
https://kr.indeed.com/viewjob?jk=8aeedb3a2dba74b6,Software Test Engineer for HANA Engine I...,SAP 4.3 서울,,"processes Knowledge of Git or other version control, Python, SQL Understanding of modern computer architecture, operating..."
https://kr.indeed.com/viewjob?jk=1cf825d234463890,[피파온라인4] 소프트웨어 엔지니어,Electronic Arts 서울,,관련 논문 및 자료를 이해할 수 있는 영어 능력 keras... tensorflow 사용경험 python을 이용한 코딩 경험 [ 우대 사항 ] Machine Learning 관련 논문을 구현해본 경험 (졸업 작품...
https://kr.indeed.com/viewjob?jk=f55c3b3dac4b56c3,길벗출판사 IT 자원 관리와 개발 담당 경력직,도서출판 길벗 서울 마포구,,부탁드립니다. 인터넷·IT·통신·모바일·게임>웹프로그래머>PHP |인터넷·IT·통신·모바일·게임>웹프로그래머> Python|인터넷·IT·통신·모바일·게임>데이터베이스·DBA>MySQL|인터넷·IT·통신·모바일·게임>데이터베이스...
https://kr.indeed.com/viewjob?jk=2156fff00dd5ce3e,연구소 개발부문 연구원 직원 (회로설계/하드웨어설계/머신비전/이미지프로세...,모든 경기도 광명,"연봉 40,000,000원 - 42,000,000원","프로그래밍 가능자 우대 S/W 설계 부문 : - OPEN CV, TENSORFLOW, YOLO, CUDA/ Python, C++, C WindowsGUL APL, MFC Lib 활용 가능자. 머신비전/ 영상처리 개발자 * 전기..."
https://kr.indeed.com/viewjob?jk=481f953ccaa4bc96,AI 연구/개발 직군 모집,넷마블 서울 구로구,,"ML 관련 분야 경력 6년 이상 - Cloud 서비스 활용 경험 - Python, C/C++, SQL 사용 가능 - Tensorflow 또는 상응하는... 웹 서비스 구축 등 자격요건 - Python 에 능숙하고 C/C++ 혹은..."
https://kr.indeed.com/viewjob?jk=0f664927507e6f96,영상처리 개발자 각 부문 (Verilog / SW / Unity),엠앤앤에이치 서울 성동구,"연봉 30,000,000원 - 52,000,000원","W 개발 (PC, 임베디드) - H.266 비디오 스트리밍 S/W 개발 자격요건 - C/C++, Python, OpenCV 필수 - 학력 : 대졸 이상 (4년) - 경력 : 신입 ~ 경력 5년이하 우대사항 - OpenGL..."
https://kr.indeed.com/viewjob?jk=e787fde04b998e1a,게임이상탐지팀 서비스 개발자,Nexon 성남 분당구,,"대용량 데이터를 요청에 맞게 전달하는 API 개발 - AWS 인프라 구축 및 운영업무 지원자격 - python, node.js, C#, Java등 한 가지 이상의 언어를 능숙히 사용 가능하신 분 - 관련 분야 5년 이상..."
https://kr.indeed.com/viewjob?jk=2d83dcf8baac736b,Technical Solutions Engineer,MightyHive 서울,,"Python and R Machine Learning, Tensor Flow Data Visualization Data Engineering, ETL Technology Used Node.js, Python, Flask..."
https://kr.indeed.com/viewjob?jk=aac8e9355cb855ac,[인재풀] 아티스트,Electronic Arts 서울,,Maya or 3D Max등의 아트웍 툴 사용 경험 - Max script 또는 Mel Script의 사용 경험 - C# 또는 Python 언어에 대한 이해 및 활용 능력 - 아트웍 관련 툴 제작 또는 플러그인 제작 경험
https://kr.indeed.com/viewjob?jk=4b6541fefc98ee60,Senior R&D Engineer,Synopsys 서울,,"development Proficiency in programming and scripting (TCL, Python, Shell) Able to resolve wide range of technical issues..."
https://kr.indeed.com/viewjob?jk=e7b19736572ba66e,Python 신입/경력 정규직,태그바이컴퍼니 서울 강남구,,태그바이컴퍼니(주) Python 신입/경력 정규직 채용 모집부문 및 자격요건 담당업무 자격요건 인원 [담당업무] • 인플루언서 마케팅 플랫폼 [태그바... 소될 수 있습니다. 인터넷·IT·통신·모바일·게임>웹프로그래머> Python
https://kr.indeed.com/viewjob?jk=f6eab56d19bce5b1,(주)후로스와 함께 하실 소프트웨어 개발자,후로스 경기도 군포,,"언어: C++ 보조 언어: C, Python 프레임워크: Qt5 OSS... 로그래머> Python|인터넷·IT·통신·모바일·게임>웹프로그래머> Python|인터넷·IT·통신·모바일·게임>빅데이터·AI(인공지능)> Python|인터..."
https://kr.indeed.com/viewjob?jk=5164238b12d010da,인공지능(AI) SW개발 담당 0명 자동화 산업장비 제조업,자동화 산업장비 제조업 대한민국,,"운용 3) C#, JavaScript, Python, UI 개발 4) Big Data 관련 개발 [우대사항] 1) 인공지능 기술 경험자 우대 2) C#, JavaScript, Python, UI 개발 경험자 3) Big..."
https://kr.indeed.com/viewjob?jk=71c47ac87bb4087e,기술 인턴 인공지능 응용 연구/개발 인턴,써로마인드로보틱스 서울 관악구,,"6개월) (협의) *모집 절차: 서류 à인터뷰(오프라인) *지원 자격: 프로그래밍 언어 활용 능력: Python, C, C++ 중 1가지 이상 데이터구조, 알고리즘 과목 이수 머신러닝과 딥러닝의 기본 개념 이해 머신러닝..."
https://kr.indeed.com/viewjob?jk=235d6f92b6999031,2020년 하반기 (SW/DB 개발),씨젠 서울 송파구,,"end) 프로그램 개발( Python) [필수요건] • 컴퓨터 공학/생물정보학 관련 전문학사 이상 • JAVA 또는 Python, C언어 사용 가능 자... 언어 사용 가능 자 (C or Python) 0명 솔루션개발 • 일반 병원..."
https://kr.indeed.com/viewjob?jk=419692b3ddb34768,Analytics Specialist,MightyHive 서울,,"end languages ( Python, NodeJS, PHP, etc... HTML5 / CSS / JavaScript, 기타 프론트 엔드 언어 ( Python, NodeJS, PHP 등)에 대한 read/write 능력..."
https://kr.indeed.com/viewjob?jk=973c3d7f651d0313,Machine Learning 엔지니어 영입,카카오모빌리티 성남 분당구,,"다룰 수 있는 분 ※ 언어 : Python[필수], Scala, R 등... 터넷·IT·통신·모바일·게임>웹프로그래머> Python|인터넷·IT·통신·모바일·게임>응용프로그래머> Python|마케팅·광고·홍보·조사>조사·분석·통계..."
https://kr.indeed.com/viewjob?jk=dab3f72b35f4bc7e,[ 2020 YG ENTERTAINMENT ] 정보관리 경력 (IT시스템...,YG 엔터테인먼트 서울 합정동,,"리기사 보유자 - 개발 프로젝트 참여 경력 보유자 - PM/PL 업무 수행 가능자 - 개발언어(PHP/ Python), SE/NE 업무 가능자 - 원만한 커뮤니케이션 및 교류 가능자 # 접수방법 - 당사 Recruit..."
https://kr.indeed.com/viewjob?jk=9fa9d498506f86aa,기술영업(신입/경력),에이치알 코리아 대한민국,,"모집부문 기술영업(신입/경력) 업무내용 - 담당업무 : 기술영업 -> 국내 기술영업 지원자격 - 자격요건 영어 구사 가능자( 토익 750점 이상 또는 준하는 역량) - 우대사항 - 프로그래밍 언어 사용가능자(C, VB, Python)"
https://kr.indeed.com/viewjob?jk=94bf3c1c1c64fc87,[정보보안] 보안분석 플랫폼 개발 및 운영 담당자,한국카카오은행 성남 분당구,,"분 · Java, Golang, Python 등으로 오픈소스를 활용한 개발... 모바일·게임>웹프로그래머>JAVA|인터넷·IT·통신·모바일·게임>웹프로그래머> Python|인터넷·IT·통신·모바일·게임>응용프로그래머> Python"
https://kr.indeed.com/viewjob?jk=ee4d4d032c3e47c8,2020년 각 부문 신입/경력,더이앤엠 서울,,"ㆍASP, Node.js, Python, Go, PHP 등 ㆍWOWZA... 데이터분석|인터넷·IT·통신·모바일·게임>빅데이터·AI(인공지능)> Python|인터넷·IT·통신·모바일·게임>빅데이터·AI(인공지능)>머신러닝|인터넷..."
https://kr.indeed.com/viewjob?jk=f674644621285e18,유명 바이오 의료기기 스타트업 백엔드 개발자 정규직,인파트너스 서울 서초구,"연봉 50,000,000원 - 60,000,000원","웹 개발 환경에 대한 이해와 경험 웹개발 경험: Golang(또는 Python Django), REST API 단위테스트 작성, TDD 개발 우대사항 Python(Django) 또는 Golang 개발 경험 javascript..."
https://kr.indeed.com/viewjob?jk=acd5236360359c2f,[Search] AI 기반 글로벌 추천 서비스/시스템 개발,네이버 서울,,"자격요건] · CS 전공자 또는 그에 상응하는 탄탄한 CS 기본기를 보유한 분 · Java, Scala, Python, C++, Go 중 1 개 이상의 언어에 자신이 있는 분 [우대사항] · 빅데이터 배치 / 실시간 처리를..."
https://kr.indeed.com/viewjob?jk=c09c2d66f9c8943e,[골프존뉴딘그룹] 2020년 연계형 인턴십 [정보보안],골프존뉴딘 서울 강남구,,통신·모바일·게임>웹프로그래머> Python|인터넷·IT·통신·모바일·게임>응용프로그래머> Python|인터넷·IT·통신·모바일·게임>응용프로그래머>Linux|인터넷·IT·통신·모바일·게임>빅데이터·AI(인공지능)> Python
https://kr.indeed.com/viewjob?jk=ad669d082a9434cb,(E&M부문) TVING 경력사원 [추천/데이터개발],CJ ENM 서울 마포구,,"만 7년 이상 (과장~차장급) - 비즈니스 데이터 분석 실무 경험 [우대요건] - 데이터 처리 언어 (R, Python, Scala) 사용 경험 - 전체 분석 프로세스 경험 근무조건 근무지 : 서울시 마포구 상암동 근무조건..."
https://kr.indeed.com/viewjob?jk=a90457066bb577a4,Cloud Support Eng. II (Lin),Amazon Web Services Korea LLC 서울,,"NoSQL(Redis, Memcached). · Programming/scripting in Python/Java/Shell/Perl/Ruby/PHP/etc. · Experience managing full..."
https://kr.indeed.com/viewjob?jk=90104004fabe2502,[Search] 글로벌 콘텐츠 검색/ AI 기술 개발 신입/경력사원,네이버 서울,,"대규모 로그 분석 및 관련 시스템 운영 · 콘텐츠 검색 서비스 개발 및 운영 필요역량 · C, Java, Python 등의 프로그래밍 언어 중 1 개 이상 자유자재로 다루시는 분 · Linux/Shell 및 Git 환경에..."
https://kr.indeed.com/viewjob?jk=aa7d54e1a1680ec6,[리니지2] MMORPG 서버 프로그래머 모집,엔씨소프트 2.8 성남 판교역,,Windows Programming - Web Programming - Script languages ( Python 등) 제출서류 포트폴리오(필수) 전형단계 서류전형 1차 면접 NC TEST 2차 면접 처우협의 입사 도움말...
https://kr.indeed.com/viewjob?jk=54e9457d64ed5f20,2020년 비투엔 신규 (신입/경력),비투엔 서울 영등포구,"월급 1,800,000원 - 2,000,000원","클라우드 및 하이브리드 인프라에 대한 TA/SA Hadoop 기반 데이터 처리 및 시각화 [데이터분석] Python, R, SAS 기반의 Data Preparation 통계, 머신러닝 및 딥러닝 기반의 분석모델 개발 Data..."
https://kr.indeed.com/viewjob?jk=01eb7001a0a614fb,2020년 하반기 (AI/딥러닝 알고리즘 설계/개발),씨젠 서울 송파구,,"설계 및 구현 경험 • R, Python 등 프로그래밍 언어 사용 능숙... 인공지능)> Python|인터넷·IT·통신·모바일·게임>응용프로그래머>인공지능(AI)|인터넷·IT·통신·모바일·게임>응용프로그래머> Python|인터넷..."
https://kr.indeed.com/viewjob?jk=4cb1a2777a4d00c8,2020년 하반기 (Data Scientist),씨젠 서울 송파구,,게임>빅데이터·AI(인공지능)> Python|인터넷·IT·통신·모바일·게임... 게임>응용프로그래머>인공지능(AI)|인터넷·IT·통신·모바일·게임>응용프로그래머> Python|인터넷·IT·통신·모바일·게임>웹프로그래머> Python
https://kr.indeed.com/viewjob?jk=600f11af1aca94ec,Data Analyst Senior,하이퍼커넥트 서울,,understanding of statistics Proficiency in R (or equivalent Python libraries) and Microsoft Excel Preferred Qualifications...
https://kr.indeed.com/viewjob?jk=ae15250b0a7f47e0,데이터 엔지니어,크로스앵글 서울 반포동,,"데이터 관리 (Auth0) - 블록체인 지갑 인증 (Ethereum, EOS) [자격요건] - 백엔드 & Python 실무 개발경험 3년 이상 혹은 그에 준하는 능력을 갖고 있으신 분 - 새로운 기술에 대해 호기심을 갖고..."
https://kr.indeed.com/viewjob?jk=05d6f01f9a494a1b,[Robotics] Deep Reinforcement Learning E...,네이버 서울,,"learning framework 활용 능숙 ㅇ ROS, ROS2 와 같은 로봇 미들웨어 활용 개발 경험 ㅇ Python 언어 활용 능숙 ㅇ Unity3D, UnrealEngine4 등 3D 엔진 기반 개발 경험 혹은 여타..."
https://kr.indeed.com/viewjob?jk=e010f7780d479126,검색서비스 서버 개발 신입/경력,포티투마루 서울 관악구,,"성별 : 무관 - 모집인원 : 0명 [기술 지원자격] - Linux 환경 개발 경력 - C/Java/ Python 개발 경력 - 서버 개발/운영 경력 [우대사항] - 자연어처리, 정보검색, 기계학습, 데이터 마이닝..."
https://kr.indeed.com/viewjob?jk=2a4041f0b6aeb27b,"RF SW Engineer, Senior (Seoul)",Qualcomm CDMA Technologies (Korea) YH 서울,,programming skill in C/C++ - Visual C++ / Java / Python programming skill is plus - Strong experience in RF software...
https://kr.indeed.com/viewjob?jk=cac18e6bcbee5a21,Front end 개발자,브릭 성남 분당구,"연봉 28,000,000원","ElasticSearch 사용 언어 (빈도수 순) : Java, C#, Javascript, Scala, Python, R, C++ 7. 근무 조건 근무장소 : 경기도 성남시 분당구 판교역로 230, 309호(삼환하이펙스..."
https://kr.indeed.com/viewjob?jk=d9a8d22b38653d34,[인재풀] Central Development Services,Electronic Arts 서울,,"제안 및 구현할 수 있는 능력 - C++, C#, Java, Object C 등의 프로그래밍 언어 및 Python, Shell Scripts, Ruby 등 스크립팅 능력 - 테스트 자동화, CI 시스템 등의 개발 및 관리..."
https://kr.indeed.com/viewjob?jk=39d1abf861dbdb6e,[AI Lab] AI 백엔드 엔지니어,버즈니 서울,,"플랫폼 및 시스템 구축 이런 분을 찾습니다 주도적으로 문제를 찾고, 해결할 수 있는 능력을 보유하신 분 Python 사용 경험이 있으신 분 다음 항목 중 두 가지 이상에 해당되는 분 AWS 혹은 GCP와 같은 클라우드 플랫폼..."
https://kr.indeed.com/viewjob?jk=7f38721257646550,Cloud Support Eng. II (DMS),Amazon Web Services Korea LLC 서울,,browser or node.js) / iOS (Objective-C / Swift) / Python / Ruby / Go · Customer service experience / strong customer focus...
https://kr.indeed.com/viewjob?jk=cdb73ed97e74098a,Senior Back-End Developer,Asiance 서울,,"deployment. • 배포는 주로 Docker 사용. • PHP, Python for backend development. • PHP, Python 등을 사용하여 백엔드 개발. • MySQL for structured..."
https://kr.indeed.com/viewjob?jk=aff0827cf77a81ca,2020년 (주)알앤비소프트 상반기 신입/경력 사원,알앤비소프트웨어 성남 분당구,,통신·모바일·게임>웹프로그래머> Python|인터넷·IT·통신·모바일·게임... 용프로그래머>자바스크립트|인터넷·IT·통신·모바일·게임>응용프로그래머> Python|무역·영업·판매·매장관리>기술영업>IT서비스·웹사이트구축|무역·영업...
https://kr.indeed.com/viewjob?jk=ae406e8ca03c5d67,IC 설계자동화(EDA) 소프트웨어 아날로그/혼성신호 모델 개발자 신입사...,사이언티픽아날로그랩스 서울 서초구,"연봉 36,000,000원 - 48,000,000원",프로그래밍 및 시뮬레이션/검증 경험 있는 분 우대 인터넷·IT·통신·모바일·게임>응용프로그래머>Linux|인터넷·IT·통신·모바일·게임>웹프로그래머> Python|전자·기계·기술·화학·연구개발>연구원·연구개발>전기·전자
https://kr.indeed.com/viewjob?jk=b1969e282fb48fca,자동차업무팀 경력 Specialist,AXA손해보험 서울 용산구,,"Tool(SAS, SQL, R, Python 등)을 이용한 손해율 예측모델... 인공지능)> Python|인터넷·IT·통신·모바일·게임>응용프로그래머>머신러닝(ML)|인터넷·IT·통신·모바일·게임>응용프로그래머> Python|마케팅..."
https://kr.indeed.com/viewjob?jk=9debec4c7f511ec8,(주)신세계아이앤씨 경력사원 상시,신세계아이앤씨 서울 중구,,리에 능숙한 자 -.데이터 I/F개발 및 운영경험자 기술요소 -.R 및 Python 기반 시스템 개발 및 운영 경험자 -.B2C 시스템 개발 및 운영... 통신·모바일·게임>웹프로그래머> Python|인터넷·IT·통신·모바일·게임...
https://kr.indeed.com/viewjob?jk=b3e7d932db7729d6,게임 엔진 프로그래머(오디오) 채용,엔씨소프트 2.8 성남 판교역,,Signal Processing) 개발 경험과 관련 지식 - 사운드 제작 담당자와의 커뮤니케이션 스킬 - Python 등의 스크립트 언어 경험 제출서류 필수 제출서류 없음 전형단계 서류전형 1차 면접 NC TEST 2차 면접...
https://kr.indeed.com/viewjob?jk=dd4d8e59a4a9265d,Data Specialist (Scientist&&Engineer),아우름플래닛 서울 마포구,,"Tensorflow, Keras, Pytorch, Theano 등)를 하나 이상 사용할 수 있는 분 • R, Python, Scala, SQL 등을 이용한 데이터 분석 및 프로그램 개발 능력이 있는 분 • 데이터 분석 기법..."
https://kr.indeed.com/viewjob?jk=f04e2f1de5888684,챗봇 서비스 NLP 모델러,인터파크홀딩스 서울 강남구,,"Tensorflow, Keras, Pytorch등)을 이용한 모델링 유경험자 우대사항 챗봇 플랫폼 개발 경험 Python 언어를 사용한 개발 경험 대용량 트래픽 환경의 서버개발 경험 빅데이터 시스템 (hadoop/spark..."
https://kr.indeed.com/viewjob?jk=8a5c305f2e5018ed,데이터 인프라 담당자 (경력),카카오 4.2 성남 판교역,,"인프라/DB/Hadoop 에 관심이 있으신 분 하둡 기반 대용량 데이터 환경 경험이 있으신 분 Java, python, go, bash 등 스크립팅 언어 중 하나 이상 활용 가능하신 분 데이터 분석가와 협업 경험이 있으신 분..."
https://kr.indeed.com/viewjob?jk=452f37372f9f6309,백엔드 개발자 (데이터 엔지니어) Senior,유저해빗 서울 마포구,"연봉 60,000,000원 - 70,000,000원","Cloudera , Hortonworks 등 Hadoop Cluster 설치 및 운영 경험 - 언어 : Python, Go - 스타트업 경험 1 명 근무조건 고용형태: 정규직(수습기간3개월) 근무부서: 개발팀 급여조건: 연봉..."
https://kr.indeed.com/viewjob?jk=b51ca785a45edf17,Senior Specialist Consultant - AI/ML,Amazon Web Services Korea LLC 서울,,"experience in software development in languages like Java, Python, Scala. Experience working with RESTful API and general..."
https://kr.indeed.com/viewjob?jk=8af26b37623864c4,8퍼센트 개발자 (신입/경력),8퍼센트 서울 종로구,,개발 금융 데이터 분석과 분석 플랫폼 운영 자격요건 컴퓨터 전공자 또는 웹 개발 경력 1년 이상 우대사항 Python 코드를 무리 없이 읽으실 수 있는 분 Linux/Mac 사용 가능한 분 새로운 기술에 대한 호기심을 가지신...
https://kr.indeed.com/viewjob?jk=116009dbf59211ed,퍼즐데이터 역량있는 데이터 분석가,주식회사퍼즐데이터 서울 역삼동,,"데이터 마이닝 및 통계분석에 대한 전반적인 이해 3. 관련분야(산업공학, 통계 등) 전공 4. R or Python 사용 능력 * 이런 분은 더욱 좋아요. 1. 프로세스 마이닝 지식 보유자 2. 관련분야 대학원 전공 3..."
https://kr.indeed.com/viewjob?jk=3933762f9f06df56,Data Scientist(CSS 모델링),Toss 서울 강남구,,"3년 이상) - 머신러닝 등 최신 알고리즘을 활용하여 실제 비즈니스 문제 해결 경험이 있으신 분 - SQL, Python, R 등 통계/분석 프로그램을 다룰 수 있으신 분 # 우대 사항 - 금융권 데이터 분석 및 모델링 업무..."
https://kr.indeed.com/viewjob?jk=f31b2a7e8ed731fc,DW Engineer,Toss 서울 강남구,,"숙한 SQL 활용이 가능하신 분 - 대고객 서비스관련 주요 지표 데이터 집계 및 자동화 경험이 있으신 분 - Python, Shell 활용이 가능하신 분 - 원활한 커뮤니케이션이 가능하신 분 # 우대 사항 - 효율적인 데이터..."
https://kr.indeed.com/viewjob?jk=b9a9af798e9d24a5,보안 개발자 모집,넷마블 서울 구로구,,"한가지 이상 언어의 개발능력 보유( Python, JAVA, ASP, PHP... 습득과 개발을 좋아하며 동료와 함께 성장하고 싶으신 분 우대사항 - Python(django, flask)을 이용한 back-end 개발 경험 있으..."
https://kr.indeed.com/viewjob?jk=fd021562f5b75103,데이터분석팀 데이터분석가,넥스트플로어 서울 서초구,,"보고서 작성이 가능하신 분 [우대사항] • 게임 업계 혹은 다른 업계의 데이터 분석 실무 경험 • R 혹은 Python을 이용한 데이터분석 능력 • 수학, 통계학, 데이터마이닝, 머신러닝 등 분석 관련 학위 보유자 • 게임..."
https://kr.indeed.com/viewjob?jk=a3a65a4d59061430,위시켓과 함께할 서버개발자님,위시켓 서울 강남구,,"를 활용한 정적 페이지 연계 - Docker, Jenkins 등을 활용한 CI/CD 개선 자격조건 - Python 기반의 프레임워크를 이용한 웹서비스 구축 또는 운영 경험 - Django 기반의 웹 서비스 구축 또는 운영..."
https://kr.indeed.com/viewjob?jk=5e6e506c2395c21b,(병역특례 보충역 00명 ) 모니터링 / 운영 툴 개발,아이앤아이소프트 성남 분당구,"연봉 21,550,000원 - 25,000,000원",인터넷·IT·통신·모바일·게임>응용프로그래머>Android|인터넷·IT·통신·모바일·게임>응용프로그래머>iOS|인터넷·IT·통신·모바일·게임>응용프로그래머> Python|인터넷·IT·통신·모바일·게임>응용프로그래머>C·C++
https://kr.indeed.com/viewjob?jk=464ef95516a5fa5c,8퍼센트 경력 개발자,8퍼센트 서울 종로구,,"개발업무 - 금융 서비스 개발 - Python/Django 기반 - 정해진 역할이 아닌 기능에 따른 업무 분배 - 프로트엔드부터 백엔드까지 업무 범위... SQL 기본 - git flow - python, django 경험자 우대"
https://kr.indeed.com/viewjob?jk=7db25ada717266e0,[Clova] Clova AI AiCall 개발자 경력사원,네이버 서울,,내부 도구 개발 [필요역량] - Python 혹은 비슷한 유형의 언어 개발... 데이터 전처리 자동화 및 MLOps [필요역량] - Kotlin / Python / Go 중 하나 이상 능숙하게 개발 가능하신 분 - 디자인 패턴...
https://kr.indeed.com/viewjob?jk=1a2b0ed865e17d93,[유명 인터넷 금융사] 클라우드 플랫폼 개발자,제이앤피에이치알컨설팅 성남 분당구,,"경험 2년 이상 · Infrastructure as Code를 이해하고 구현할 수 있는 분 · Golang, Python, Javascript 중 하나 이상의 언어에 능숙한 분 (우대사항) · 서비스를 설계 단계부터 참여해서..."
https://kr.indeed.com/viewjob?jk=1110176d0af97524,[인공지능 전문기업] Smart-X팀 직무별 경력직,마인즈랩 성남 분당구,,"양식 커리어 온라인 이력서 직무/산업 직무별(직종) 웹기획.웹마케팅.PM웹마스터 웹프로그래머JSP, JAVA, Python 응용프로그래머Unix, Linux 시스템프로그래머시스템프로그래머 인공지능(AI).빅데이터인공지능(AI..."
https://kr.indeed.com/viewjob?jk=c7fcbf1ff4218637,Database / Advanced Support Engineer,Oracle 3.8 서울,,MySQL / TimesTen - Docker / Container - Kubernetes - Python Detailed Description and Job Requirements... member...
https://kr.indeed.com/viewjob?jk=23d2559db4b09d5f,게임 데이터 분석 및 지표개발 인원 채용,엔씨소프트 2.8 성남 판교역,,"험이 많고, 게임 시스템에 대한 이해가 높으며 서비스 런칭 경험이 있으신 분 - 데이터 분석을 위한 통계툴( Python / R / SAS / SPSS 등) 활용 가능 - 빅데이터 플랫폼(Hadoop / Hive / Spark..."
https://kr.indeed.com/viewjob?jk=ff52e5f9625f8f34,Machine Learning Engineer (LINE AI Servi...,LINE Plus corporation 성남 서현역,,"적용한 경험 - Hadoop MR, Hive, Spark 등 대용량 처리 프레임워크 개발/사용 경험 - Python, Scala, SQL 등의 프로그래밍 언어를 사용할 수 있는 분 - 해외 출장/근무에 결격 사유가 없는..."
https://kr.indeed.com/viewjob?jk=2cff377c899798fc,Infra사업본부 Bigdata 프로젝트 개발자 件,SK 네트웍스서비스 경기도,,툴과 솔루션 적용 및 운영 경험 ㅇ분석 지원 언어/패키지(SAS/R/ Python/Spark) 사용가능자 또는 자격증 보유자 ㅇBigData를 활용한... 분석 지원 언어/패키지(SAS/R/ Python/Spark) 사용가능자 또는...
https://kr.indeed.com/viewjob?jk=cdc69e78bbccefd3,[해외취업] AI 엔지니어,株式会社ASCOM 대한민국,,"회사에서 일하고 싶어하는 사람들에게 좋은 기회입니다. 인생의 새로운 장을 열어보세요! 1) C/C++, Python 및 기타 프로그래밍 언어에 익숙한 자 2) 딥 러닝 도구(예:Tensorflow,Caffe 등)에 익숙한 자..."
https://kr.indeed.com/viewjob?jk=58613b11ebe8779c,Deep Learning R&D Engineer,Intel 4.1 서울,,TensorFlow and PyTorch - Strong programming skills with Python Preferred Qualifications - Experience as a deep learning...
https://kr.indeed.com/viewjob?jk=1937ebb0ea172f08,데이터 엔지니어,리디 서울특별시,,"환경에서의 데이터 파이프라인 구축 및 운영 경험 GA, Tableau 등 외부 분석/시각화 도구에 대한 지식 Python, Java, Scala 중 하나 이상을 이용한 개발 경험 [지원 시 유의 사항] 이름, E-mail..."
https://kr.indeed.com/viewjob?jk=b8484108a7f4884f,"[해외취업] 누리누비, 시스템개발자/응용프로그래머",에임하이글로벌 대한민국,"연봉 32,520,000원 - 65,030,000원","백엔드 개발자' 의 경력사원이며, 상세업무내용은 아래와 같습니다. 1.개발자( JAVA, C#,.Net, Python,PHP): 시스템개발 업무 수행 및 유지보수 2.응용프로그래머: 솔루션 개발/운영(Web, C#, iOS..."
https://kr.indeed.com/viewjob?jk=092d062a6faa7139,데이터 분석가,카카오 4.2 성남 판교역,,"이터 분석 지원자격 데이터 분석 업무를 수행할 수 있는 하나 이상의 언어 스킬 필수 (예. SQL, Python, R 등) 데이터 기반 프로젝트 경험이 있으신 분 (예: 통계 분석 프로젝트) 어떤 일이라도 중요하게 여기..."
https://kr.indeed.com/viewjob?jk=a4946f6098077a45,[개발]Python 백엔드 개발자(정규직),위메프 2.8 대한민국,,"3년 이상자 - Python 개발 경험 보유자 - 개발 환경 변화에 유연한 자(새로운 언어 및 새로운 시스템 적용 등) [우대사항] - 마이크로서비스 아키텍처에 대해 이해하고 있는자 - Python Django, Flask..."
https://kr.indeed.com/viewjob?jk=3e2ccf374eae0c90,"[해외취업] 베리텍, 시스템개발자/응용프로그래머",에임하이글로벌 대한민국,"연봉 32,510,000원 - 65,030,000원","비지니스회화 주요업무내용 1. 개발자 : 시스템개발 업무 수행 및 유지보수 ( JAVA, C#,.Net, Python,PHP) 2. 응용프로그래머 : 솔루션 개발/운영(Web, C#, iOS, Android, Delphi..."
https://kr.indeed.com/viewjob?jk=fb617eeb80ea6fa9,AI/빅데이터/클라우드 분야 (인재 Pool),LG유플러스 3.8 서울,,"Science를 위한 언어(R/ Python) 및 Tool(scikit-learn/Tensorflow 등) 능숙자 . Deep Learning Model 구현 경험자 . Java, Python등을 이용하여 분석을 위한 Data..."
https://kr.indeed.com/viewjob?jk=c388192aa3ac0634,Staff AE,Synopsys 서울,,"enhancement of advanced technology rule decks using TCL, Python or Perl. Key Qualification The person should have minimum 12..."
https://kr.indeed.com/viewjob?jk=3a08c7089343733d,광고팀 - 분석가,Nexon 성남 분당구,,및 커뮤니케이션 능력 - (필수) 새로운 기술 습득에 능동적이고 거부감이 없는 분 - (선택) R 혹은 Python을 이용한 데이터분석 능력 - (선택) SQL 기본 활용 능력 - (선택) 통계 및 분석에 대한 이론...
https://kr.indeed.com/viewjob?jk=9040dba1c8db2a5d,퀀트운용팀 (사원-대리급),신한비엔피파리바자산운용 대한민국,,지식 보유자 - 투자자산운용사 자격증 소지자 우대 - CFA/CAIA/CPA 자격증 소지자 우대 - VBA/ Python 활용한 업무 가능자 우대 - 관련 전공 및 석박사 학위/금융 관련 자격증 보유자 우대 3. 전형방법...
https://kr.indeed.com/viewjob?jk=e5ab641672f761c3,네트워크 엔지니어,이베이 코리아 대한민국,,환경에 대한 경험과 이해 [우대사항 ] - Windows / Linux OS와 Powershell / Python / bash 등 스크립트에 대한 지식 보유 - 네크워크 진단 및 모니터링 툴 운영과 트래픽 분석 관련 실무...
https://kr.indeed.com/viewjob?jk=d2df92c32bd4a203,Software Engineer,Google 4.3 서울,,"languages including... limited to: C++, Java, C and Python. Experience in a wide variety of projects utilizing natural..."
https://kr.indeed.com/viewjob?jk=b25ed61fb84a5785,프론트엔드 개발자,스포카 대한민국,,"준적으로 TypeScript, React 및 Redux를 사용합니다. 사내 도구는 Rust와 Haskell, Python을 사용합니다. 제출 서류 이력서(필수), 포트폴리오/Github 주소(선택) 접수 기간 상시채용(채용시 마감)"
https://kr.indeed.com/viewjob?jk=ef10a663799ced7d,블록체인 시스템 엔지니어 채용(무관),네오위즈 대한민국,,"와 네트워크 지식을 갖춘 분 - Docker / Git 등 관리 툴 사용 경험이 있는 분 - Shell, Python 등을 이용한 스크립트 개발 경험이 있는 분 우대사항 - 블록체인 서비스를 사용하거나, 블록체인 시스템을..."
https://kr.indeed.com/viewjob?jk=c3d7487ed86d9cbe,Counter Intelligence and HUMINT Operatio...,Booz Allen Hamilton 경기도 평택,,SharePoint... creating mathematical models and coding in R and Python Knowledge... US Army's organizational structure...
https://kr.indeed.com/viewjob?jk=8c8700db243d1a3c,Applications Engineer (Library Character...,Synopsys 서울,,"Working knowledge of scripting languages like TCL, Unix Shell, Python, or Perl. Prior AE/design experience is a plus. Working..."
https://kr.indeed.com/viewjob?jk=0b020b7dde41a326,Deep Learning Engineer Intern,Intel 4.1 서울,,optimization strategies Programming skills with Python/C++ Experience working with one or more deep learning frameworks...
https://kr.indeed.com/viewjob?jk=8becbf73bbda7c96,2019 Military Service Exemption Position...,울산과학기술원 울산 언양읍,,"least one programming language... Fortran, C/C++, Python, …; Experience... managing high performance computational..."
https://kr.indeed.com/viewjob?jk=dfcb86f156623e5c,보훈대상자 인재 채용,네오위즈 대한민국,,경험이 있는 분 - Unix(Linux) / Windows Script 작성 능력을 갖춘 분 - Java / python 개발 능력을 보유한 분 모바일게임 UA마케팅 담당자 (경력) 경력 [담당업무] - 권역별 시장...
https://kr.indeed.com/viewjob?jk=e56ad55002666f4c,Process & Data Scientist,Applied Materials Inc. 대한민국,,"systems Experience... least one programming language ( Python, R, Java, etc... writing SQL queries Qualifications..."
https://kr.indeed.com/viewjob?jk=609e248684d02ecf,DBA 엔지니어,쏘카 대한민국,,"시계열 데이터베이스(InfluxDB) 구축 운영 경험 보유 • 자동화를 위한 스크립트 (shell, python, ansible) 지식 보유 • DA# 이용한 ERD 관리 경험 • 새로운 기술 도입에 대한 오픈 마인드 지원방..."
https://kr.indeed.com/viewjob?jk=153b61bfd2b5f9d1,Software Engineer Intern,Intel 4.1 서울,,"environment Preferred Qualifications - Programming skills with Python - Understanding of operating systems, system software..."
https://kr.indeed.com/viewjob?jk=6aac06e7339b28a5,[해외취업] AI/BI 엔지니어,유아솔류션즈 대한민국,,"고력과 도전적인 분 새로운 개발언어에 대한 적극적으로 습득의지가 강한 분 【우대스킬】 1) C/C++, Python,Perl 및 기타 프로그래밍 우대 2) 딥 러닝 도구(예:Tensorflow등등) 취급경력자 우대 3) AI..."
https://kr.indeed.com/viewjob?jk=65c4c2209aa2d9f2,"Design Consultant, Sr I",Synopsys 대한민국,,"DFT, MBIST, and ATPG tools. • Experience scripting... Python and Tcl. Experience with Verilog or SystemVerilog RTL..."
https://kr.indeed.com/viewjob?jk=05ce3c7d5c6c368c,Research Engineer - Machine Learning,AITRICS 서울,,learning approaches One or more software engineering skills ( Python preferred) Experience in using deep learning frameworks...
https://kr.indeed.com/viewjob?jk=3e617a8ed7934773,Quant 트레이딩 부문,벨에포크자산운용 대한민국,,"거시경제 데이터 관리 3. 지원자격 및 우대사항 (1)필수사항 -투자자산운용사 보유, Python, 엑셀 VBA 사용 능력자 ( Python 패키지 : Scikit-learn, Keras, Tensorflow 활용가능) (엑셀..."
https://kr.indeed.com/viewjob?jk=d5be40de21d8637a,Senior Field Service Engineer,Huntington Ingalls Industries Inc. 경기도 평택,,"Technical background with working knowledge of HTML, Ruby, Python... Java Knowledge of hardware, networks, and server..."
https://kr.indeed.com/viewjob?jk=55a19c92c845685e,Developer / Designer recruit,마이뮤직테이스트 서울 논현동 • 재택 근무,,"language (i.e Python, Ruby, Java, .Net... High proficiency in Python... knowledge... least one Python web framework..."
https://kr.indeed.com/viewjob?jk=0bce5c7e8c1e521d,[피파온라인4] 테크니컬 아티스트,Electronic Arts 서울,,"Max script, Mel Script 1) - Understanding and utilizing C# or Python language - Experience creating or plug-in tools related..."
https://kr.indeed.com/viewjob?jk=2b7bc67cebf49cc0,"빅데이터, 인공지능(AI) 외 신입/경력 정규직",thecompany 경상남도,,모바일·게임>빅데이터·AI(인공지능)>인공지능(AI)|인터넷·IT·통신·모바일·게임>빅데이터·AI(인공지능)> Python|인터넷·IT·통신·모바일·게임>빅데이터·AI(인공지능)>머신러닝|인터넷·IT·통신·모바일·게임>빅데이터...
https://kr.indeed.com/viewjob?jk=ac1440dc6fdc0c31,카이와 함게 성장할 개발자 찾습니다.,카이 대전 유성구,,웹프로그래머>백엔드|인터넷·IT·통신·모바일·게임>웹프로그래머> Python|인터넷·IT·통신·모바일·게임>HTML·퍼블리싱·UI개발>웹퍼블리셔(HTML코딩)|인터넷·IT·통신·모바일·게임>빅데이터·AI(인공지능)> Python
https://kr.indeed.com/viewjob?jk=4233609a843b5e96,분석지원팀 - 데이터 분석가,Nexon 성남 분당구,,및 커뮤니케이션 능력 - (필수) 새로운 기술 습득에 능동적이고 거부감이 없는 분 - (선택) R 혹은 Python을 이용한 데이터분석 능력 - (선택) SQL 기본 활용 능력 - (선택) 통계 및 분석에 대한 이론...
https://kr.indeed.com/viewjob?jk=b15048c3c102d92c,Global Fintech DW/BI 엔지니어,LINE Plus corporation 성남 판교역,,"사항] - 오픈 소스 기반의 시각화 도구(Zeppelin, Superset 등) 활용 경험 - Java 또는 Python, Spark 개발 경험 - 모바일 금융 서비스에 익숙하고 관련 최신 트렌드 관심 - 금융 데이터..."
https://kr.indeed.com/viewjob?jk=0f7993638aee82bd,Machine Learning Researcher (Intern),Qualcomm Korea YH 서울,,"Adversarial attacks, examples Minimum Qualifications • Python Programming • Deep learning with hands-on experience of deep..."
https://kr.indeed.com/viewjob?jk=fc207b90f7c09a40,[해외취업] 엔지니어/게임 프로그래머 정사원/계약사원 중,"CREEK & RIVER Co., Ltd. 대한민국",,"필요 [환영 스킬/경험] Unity를 이용한 개발경험 C#, PHP, Java, Ruby, Perl, Python, ASP, JavaScript등의 프로그래밍언어 사용경험 LAMP환경의 구축경험 [원하는 인재상] 게임을..."
https://kr.indeed.com/viewjob?jk=de567c4b6b588c4c,NAVER IDC 서버 운영/관리(춘천),NIT Service 춘천 동면,,"Web, WAS에 대한 지식과 System application 운영 경험 - Shell script, python 활용 가능 - 해외 데이터센터 인프라 구축 또는 운영 경험 [고용형태] - 정규직 [근무지역] - 춘천..."
https://kr.indeed.com/viewjob?jk=2bf26529770cdc22,"Analog Design Engr, Sr II",Synopsys 경기도 성남,,"control/data-capture. •Experience with TCL, Perl, C, Python, MATLAB. Inclusion and Diversity are important to us. Synopsys..."
https://kr.indeed.com/viewjob?jk=36a418cd05c30a44,안드로이드 개발자,스포카 대한민국,,"합니다. 신기술 학습에 대한 열정 현재 스포카 크리에이터는 MSA기반의 서비스를 운영하고 있으며, 언어로는 Python, TypeScript, Rust, C#, Haskell, Kotlin 등 다양한 언어를 사용 중입니다..."
https://kr.indeed.com/viewjob?jk=c2f5f53dc48263eb,Machine Learning Researcher – On-device...,Qualcomm Korea YH 서울,,"experiences • Algorithm implementation experiences using python with deep learning platform, e.g. PyTorch, TensorFlow..."
https://kr.indeed.com/viewjob?jk=58047cbc4fa71e31,데이터 분석 전문가 모집,엔씨소프트 2.8 성남 판교역,,"년 필수조건 1. 필요 지식/ 기술 - 데이터 분석 업무를 수행할 수 있는 하나 이상의 언어 스킬 (R, Python) - SQL 을 사용한 데이터 추출 및 활용 기술 - 통계 이론 및 머신러닝 방법론에 기반한 분석 및 예측..."
https://kr.indeed.com/viewjob?jk=089931931a0474d5,소형전지사업부 경력,삼성SDI 3.9 충청남도 천안,,"천안 전공분야 - 컴퓨터/시스템 전자/전기 기계/산공 전문지식 - Java, C#, C++, Python - Orade (PL/SQL) - Automod, VisualComponent - 통신프로그래밍 경험자..."
https://kr.indeed.com/viewjob?jk=e795dbc603d84601,전략솔루션 본부 인턴,현대자산운용 대한민국,,"아님) - MS OFFICE 등 문서작업 능통자 우대- 유관 자격증 소지자 우대(투자자산운용사)- 프로그래밍( Python, R 등) 가능자 우대 - 금융기관 신원조회 시 이상이 없는 분 6. 전형 절차 서류전형->1차 실무..."
https://kr.indeed.com/viewjob?jk=d71794dc69947981,소프트웨어 엔지니어,Nexon 성남 분당구,,주요업무 - 넥슨 글로벌 플랫폼의 게임 클라이언트 배포 시스템 및 어플리케이션 개발 지원자격 - C++ 혹은 Python 프로그래밍 언어 능숙자 - 비동기 및 병렬처리 프로그래밍 경험 우대사항 - Modern C++ (11...
https://kr.indeed.com/viewjob?jk=193bfe67eed05c31,Data Scientist,"Koniag, Inc. 대한민국",,"experience is desired Demonstrated proficiency with R or Python, and SQL to manipulate data and draw insights from large..."
https://kr.indeed.com/viewjob?jk=060ca278f9bc2a93,데이터마케팅분야 경력사원,LG전자 3.8 서울 영등포구,,"Big Data 분석/관리 역량 및 관련 업무 경험 보유자 - 데이터 마이닝 및 분석 기술/ SQL, R, Python 등 통계 패키지 활용 자격증 보유 - 데이터베이스 구조에 대한 지식 보유 - 기업 사내 시스템(GMIS..."
https://kr.indeed.com/viewjob?jk=324c4d2fbbec4bd7,풀스텍 개발자,thecompany 경상남도,"연봉 40,000,000원 - 50,000,000원",래머>백엔드|인터넷·IT·통신·모바일·게임>웹프로그래머>프론트엔드|인터넷·IT·통신·모바일·게임>웹프로그래머> Python|인터넷·IT·통신·모바일·게임>응용프로그래머>생체인식(바이오인식)|인터넷·IT·통신·모바일·게임>응용프...
https://kr.indeed.com/viewjob?jk=83d8d1095db19dde,(주)넷타겟 Bio-IT 융합 연구소 AI 연구원,넷타겟 대전 유성구,"연봉 50,000,000원 - 90,000,000원","처리 등 [ 연구도구 ] Python 3, Jupyter Notebook... 그래머>인공지능(AI)|인터넷·IT·통신·모바일·게임>응용프로그래머> Python|전자·기계·기술·화학·연구개발>바이오·식품공학>바이오|전자·기계·기술..."
https://kr.indeed.com/viewjob?jk=385c58c7ced1d77b,데이터 사이언티스트 지향하는 데이터 엔지니어,카카오 4.2 성남 판교역,,"Spark 등 빅데이터 분석 플랫폼을 사용하여 대용량 데이터의 수집,가공이 가능한 분 프로그램 개발(Java, python 등) 기술을 보유하신 분 어떤 일이라도 중요하게 여기며 책임감 있게 진행할 수 있으신 분 자신의 생각..."
https://kr.indeed.com/viewjob?jk=432b169b273d9964,"R&D Engineer, Sr I",Synopsys 서울,,end to back-end Strong software programming skills in C++ and python is required Inclusion and Diversity are important to us...
https://kr.indeed.com/viewjob?jk=26d1cbdbfbca34d4,[허브클랜] 비즈니스 데이터 분석가 (Business Data Analy...,카카오페이 성남 분당구,,하신 분 - SQL등을 통해 복잡한 데이터 셋에서 원하는 데이터를 추출 및 가공할 수 있으신 분 - R 또는 Python을 활용하여 분석 및 결과 리포팅이 가능하신 분 - 분석을 통해 도출된 의견을 논리적이고 체계적으로 제시...
https://kr.indeed.com/viewjob?jk=5fb443efe7acf5ab,데이터 분석가 영입,카카오모빌리티 성남 분당구,,"뤄보신 분 - Java, R, Python, Ruby 등 1개 이상의 주력... 모바일·게임>응용프로그래머> Python|인터넷·IT·통신·모바일·게임>웹프로그래머>JAVA|인터넷·IT·통신·모바일·게임>웹프로그래머> Python"
https://kr.indeed.com/viewjob?jk=8662601070f6ff81,[기술플랫폼실] 시스템 엔지니어 영입,카카오페이 성남 분당구,,"분석 능력이 있으신 분 우대사항 - 포털/게임사 에서 대규모 인프라 운영 경험이 있으신 분 - Python, Ruby 프로그램 개발 및 Shell Script 사용이 가능하신 분 - 오픈소스(Redis, Memcached..."
https://kr.indeed.com/viewjob?jk=0bbf23c0930be392,Support Engineer,Microsoft 4.2 서울,,"Linux script-based development environments and tools (PERL, Python, Ruby, PhP, etc.) Programming language (C++/C#) Please..."
https://kr.indeed.com/viewjob?jk=68ee194a9d487aac,Data Engineer,고도소프트 서울 구로구,,"MongoDB, CouchBase, Hadoop, Redis 등 운영 경험이 있는 분 - PHP, Python, JAVA, GO 중 1개 이상 사용한 개발이 가능한 분 우대사항 - Spark, ELK, R, MapReduce..."
https://kr.indeed.com/viewjob?jk=928c3bf56ce83048,백/프론트 웹개발자(풀스택 Full Stack) 경력자,소프트케익 부산 연제구,"연봉 30,000,000원 - 32,000,000원","흥미진진한 여정을 하실 가족을 모십니다. * 필수역량 (:풀스택) - Back-end(백엔드 부분) : Python (또는 Node.js 도 가능), RDBMS(MySQL 등) , AWS 등의 서비스 사용 경험 - Front..."
https://kr.indeed.com/viewjob?jk=2695294aea6dc3b6,MongoDB Engineer,카카오 4.2 성남 판교역,,수 있는 분 Linux/Network에 대한 기초 지식이 있는 분 우대 사항 C/C++ 또는 Python 언어를 이용한 프로그램 개발(프로젝트) 경험이 있는 분 MongoDB 트러블 슈팅 경험이 있는 분 MongoDB...
https://kr.indeed.com/viewjob?jk=19b44e0d17d112e2,분석실 - 베이지안 분석 전문가,Nexon 성남 분당구,,"동으로부터 피드백을 받아 최적화 모델을 개선합니다. - 주요 활용 tool : SQL, zeppelin, python, tableau 지원자격 - (필수) 논리적이고 체계적인 문제 해결 및 커뮤니케이션 능력을 소유하신 분..."
https://kr.indeed.com/viewjob?jk=25725b3c0e607311,Junior Quant Trader,Byzantine Partners 서울,,background is a plus Programming capability is mandatory (i.e. Python) Understanding of machine learning algorithm is a plus...
https://kr.indeed.com/viewjob?jk=ec0c6e742224caeb,Global Fintech Data Scientist,LINE Plus corporation 성남 판교역,,"SQL을 이용한 데이터 전처리/추출이 가능한 자 - 데이터 분석/모델링을 위한 언어가 능숙한 자(R/ Python/Scala 등) - Hadoop 환경에 대한 이해를 기반으로 Hive, Spark, Presto 등 사용이..."
https://kr.indeed.com/viewjob?jk=530a598184580c95,데스크탑 가상화(VDI) 엔지니어,카카오 4.2 성남 판교역,,"기본적 이해 리눅스 시스템에 대한 기본적 이해 우대사항 시스템 엔지니어 경력자 Powershell, Python, Shell 스크립트를 이용한 인프라 관리 자동화 경험자 부드러운 커뮤니케이션, 친절한 마인드의 소유자..."
https://kr.indeed.com/viewjob?jk=e30f23f4f814b717,보험 신규사업 비즈니스 분야 담당자 영입,카카오페이 성남 분당구,,"술적 지식과 설계, 구축, 운영 등 역량을 보유하신 분 - 개발언어(Shell script, JAVA, Python 등)에 대한 이해 및 코드리뷰와 관련한 역량을 보유하신 분 - ISMS-P, PCI-DSS, ISO27001..."
https://kr.indeed.com/viewjob?jk=747e809417b65ce3,Data Scientist (LINE TIMELINE),LINE Plus corporation 성남 서현역,,"Spark 등 대용량 데이터 처리 프레임워크에 대한 경험 - Python, R, SQL 등의 언어를 능숙하게 사용할 수 있는 능력 [우대사항... 원자 : '장애인증명서 또는 복지카드' 첨부 # Data # Python"
https://kr.indeed.com/viewjob?jk=d1e75364ef505c68,"데이터 가치 함께 발굴하실 머신러닝, 통계 모델링 전문가",카카오 4.2 성남 판교역,,해당 기술에 자신감이 있으신 분도 환영합니다. 지원자격 머신 러닝/통계 등 모델링에 활용하는 언어( Python/Scala/R 등) 및 도구(Tensor flow/Pytorch 등)를 하나 이상 능숙하게 다룰 수 있으신...
https://kr.indeed.com/viewjob?jk=fb6bafb5ae960c4e,Security Engineer (보안 엔지니어),Toss 서울 강남구,,"시스템 구축 및 운영 경험이 있는 분 - SIEM 운영, 로그 분석 및 대응 자동화 경험이 있는 분 - Python, Java 또는 C 계열 프로그래밍에 대한 높은 이해 또는 개발 경험이 있는 분 # 우대 사항 - CISSP..."
https://kr.indeed.com/viewjob?jk=fb476a4cff4acfe5,초소형/소형 위성의 비행 및 자세제어 S/W 연구개발자 초빙,스페이스케이 대전 유성구,"연봉 30,000,000원 - 32,000,000원",지원자격 경력 신입·경력 학력 - 성별 무관 기타 담당업무 비행제어 및 자세제어 S/W 연구개발 C/C++ 및 Python 개발 경험자 초소형 및 소형 위성 유경험자 우대 초소형 및 소형 위성 프로젝트 경험자 우대 - 고용보험...
https://kr.indeed.com/viewjob?jk=285996f91e76a862,"NAVER, LINE 서비스 플랫폼 운영",NIT Service 성남 삼평동,,"네이버/라인 서비스 플랫폼운영이란, 국내 및 해외를 포함하여 글로벌하게 제공되는 네이버/라인 서비스인 V앱, 파파고, 네이버클라우드플랫폼, 웨일, 네이버메인, 메일, 카페, 블로그, N드라이브, 폴라, 라인/라인플레이 등의..."
https://kr.indeed.com/viewjob?jk=04d685fc70b67d4e,Linux/Python/PHP/MySQL/백엔드 정규직 경력,일루미나리안 용인 보정동,,"보유 - DBMS(MySQL or MariaDB), scripting Language: bash, python, OOP 언어 중 가능자 - Back-End 서버를 개발해 보신 분 [우대사항] - Go(aka GoLang..."
https://kr.indeed.com/viewjob?jk=6a399a2c059ebbb1,Solutions Engineer,Confluent 서울,,Computer Science or relevant experience Proficiency in Java or Python with experience developing ETL applications What gives...
https://kr.indeed.com/viewjob?jk=96688eea9c1a9e28,Security Engineer (취약점 분석),Toss 서울 강남구,,"# 자격 요건 - 모의해킹 및 취약점 점검 경력이 있는 분 - 소스 코드 정적 취약점 점검에 능숙한 분 - Python, C, C++, JAVA 중 프로그래밍 언어에 능숙한 분 # 우대 사항 - 국내 또는 국외 버그 바운티..."
https://kr.indeed.com/viewjob?jk=d585814d097935eb,카카오톡 보이스톡/페이스톡/라이브톡 개발자,카카오 4.2 성남 판교역,,"우대 사항 ✓ Spring/Java 혹은 Spring/Kotlin 기반 서버 개발 경험 ✓ MySQL, Python, JavaScript, Node.js 경험 ✓ 모바일/웹 환경을 위한 API 시스템 개발 경험 ✓ k8s..."
https://kr.indeed.com/viewjob?jk=48090bdf1303bd76,매칭팀 - 데이터분석가,Nexon 성남 분당구,,및 대시보드 설계 지원자격 - (필수) 데이터 정제 및 머신러닝 기법 적용에 필요한 프로그래밍 능력 (R or Python) - (필수) SQL 기본 활용 능력 - (선택) Spark를 활용한 데이터 처리 및 분석 능력...
https://kr.indeed.com/viewjob?jk=3be9c091be0a88a8,MySQL 운영 및 개발 DBA (경력),네오위즈 대한민국,,있는 분 - Unix(Linux) / Windows Script 작성 능력을 갖춘 분 - Java / python 개발 능력을 보유한 분 모집기간 채용시 마감 고용형태 정규직 전형방법 서류전형 - 1차면접(실무...
https://kr.indeed.com/viewjob?jk=1d1a37aff94c12d7,Counter Intelligence and HUMINT Operatio...,Booz Allen Hamilton 경기도 평택,,SharePoint... creating mathematical models and coding in R and Python Knowledge... US Army's organizational structure...
https://kr.indeed.com/viewjob?jk=abfc94fd3a20ea51,mmWave HW Design Engineer,Apple 서울,,"Momentum Programming and scripting languages... C, Java, Python, MySQL, or MATLAB Description - Collaborate closely..."
https://kr.indeed.com/viewjob?jk=07375dc4e800dfa9,추천 시스템 소프트웨어 엔지니어,카카오 4.2 성남 판교역,,"관련 업무 경험자 우대사항 운영체제, 네트워크, 컴파일러, 데이터베이스에 대한 이해가 깊으신 분 Python, C++, GPU 프로그래밍 숙련자 대용량/실시간 서비스 개발/운영 경험이 많으신 분 ICPC/TopCoder..."
https://kr.indeed.com/viewjob?jk=69683e2b8c056c4d,[해외취업] IT엔지니어,유아솔류션즈 대한민국,"연봉 35,000,000원 - 60,000,000원","Swift iOS/Android 스마폰 소프트웨어 개발, WEB 서비스 개발, 업무 소프트웨어 개발. ・ Python/Perl AI,시뮬레이션 및 빅크 데이터분석 Tool구사와 개발 통신/운통 운영시스테므 개발 ・C/C++..."
https://kr.indeed.com/viewjob?jk=097c35ed002a62e5,NAVER IDC 서버 운영/관리(평촌),NIT Service 안양 동안구,,"사항] - Web, WAS에 대한 지식과 System application 운영 경험 - Shell script, python 활용 가능 - 해외 데이터센터 인프라 구축 또는 운영 경험 [고용형태] - 정규직 [근무지역..."
https://kr.indeed.com/viewjob?jk=3b752abecf619fe5,플랫폼 채팅모듈 개발자,Nexon 성남 분당구,,"대사항 - 대규모 동시 접속 및 고용량 데이터 처리 경험 - Unix/Linux 시스템에 대한 이해 - Python, Java, Event-Driven Framework에 대한 이해 - TCP/IP와 네트워크 프로그래밍..."
https://kr.indeed.com/viewjob?jk=14ca14209b44c665,[GC녹십자지놈]BI팀 팀원,녹십자지놈 용인 기흥구,,"보학 전공자 3. 프로그래밍 가능자 ( Python, Perl, R 등) 4... 터넷·IT·통신·모바일·게임>웹프로그래머> Python|인터넷·IT·통신·모바일·게임>응용프로그래머> Python|인터넷·IT·통신·모바일·게임>빅데이터..."
https://kr.indeed.com/viewjob?jk=2078ccd1b792432d,"소프트웨어, 프로그래밍 정규직",삼정산업 포항 북구,"연봉 30,000,000원 - 35,000,000원","당업무 자격요건 인원 소프트웨어 프로그래밍 [담당업무] 1) 시스템 소프트웨어 개발 2) C++ , C# , Python , Database , AI 솔루션 개발 등 [근무부서 및 직급/직책] 근무부서: 기술연구소 [자격요건..."
https://kr.indeed.com/viewjob?jk=b35da47f5e84c9b4,콘텐츠서비스개발팀 - 데이터분석가,Nexon 성남 분당구,,"적인 문제 해결 및 커뮤니케이션 능력 - 새로운 기술 습득에 능동적이고 거부감이 없는 분 우대사항 - Python , Scala 을 이용한 데이터분석 능력 - SQL 기본 활용 능력 - 통계 및 분석에 대한 이론 지식..."
https://kr.indeed.com/viewjob?jk=09682af104f3eaac,2020년도 국비기술교육생,대한상공회의소 광주인력개발원 광주 광산구,,통신·모바일·게임>빅데이터·AI(인공지능)>머신러닝|인터넷·IT·통신·모바일·게임>빅데이터·AI(인공지능)> Python|인터넷·IT·통신·모바일·게임>빅데이터·AI(인공지능)>하둡(Hadoop)|인터넷·IT·통신·모바일·게임...
https://kr.indeed.com/viewjob?jk=649ccf047c868778,"금융 데이터 분석 엔진, 로보어드바이저 개발자",에스비씨엔 서울 영등포구,,"시스템, 머신러닝, 자연어처리. 패턴분석 - 다음 언어에서 최소 한 가지 이상 능숙자: Java, C++, Python, JavaScript 우대사항 - 석사이상 컴퓨터공학 (Computer Science) 분야 또는..."
https://kr.indeed.com/viewjob?jk=70fccff4d30cb6bf,NAVER IDC 서버 운영/관리(가산),NIT Service 서울 가산동,,"사항] - Web, WAS에 대한 지식과 System application 운영 경험 - Shell script, python 활용 가능 - 해외 데이터센터 인프라 구축 또는 운영 경험 [고용형태] - 정규직 [근무지역..."
https://kr.indeed.com/viewjob?jk=bad0f76842269b46,[해외취업] 【AI・RPAエンジニア】経験半年の方も歓迎 10ヵ国の技術者が在...,株式会社リープ 대한민국,,"격요건 【必須要件】 ・何かしらのシステム開発経験が半年以上ある方 【歓迎要件】 ・Java, PHP, .NET, Pythonのスキルをお持ちの方 ・顧客折衝や要件定義などの上流工程経験がある方 ・RPAエンジニアとしての実務経験、知識がある方..."
https://kr.indeed.com/viewjob?jk=b79c2ae536063b01,[전문연구요원] 상시,네이버 서울,,"Tool Engineer ㅇ Python/C/C++ 언어 개발 용이 ㅇ... Design, Debugging Skills ㅇ스크립트 언어 개발 경험 ( Python, Bash, etc.) ㅇ Embedded Platform과..."
https://kr.indeed.com/viewjob?jk=3a8cf7e51ca14e44,Data Engineer,NHN godo 4.4 서울 구로구,,"MongoDB, CouchBase, Hadoop, Redis 등 운영 경험이 있는 분 - PHP, Python, JAVA, GO 중 1개 이상 사용한 개발이 가능한 분 - Spark, ELK, R, MapReduce 사용..."
https://kr.indeed.com/viewjob?jk=212ca67d161b7162,2020 Market Data Analyst - Seoul (Korean...,Bloomberg 서울,,"languages (e.g. Python, R, JavaScript... programming/scripting languages (e.g. Python, R, JavaScript, Java) as well as SQL..."
https://kr.indeed.com/viewjob?jk=752a4b5d63eac97c,Back-end Engineer (Python),Soomgo 서울 강남구,,래픽 처리를 위한 AWS 인프라 구축 • 5년 이상의 웹/앱 서비스 백엔드 시스템 개발 경험이 있는 분 • Python 언어를 활용한 개발 경험이 있는 분 • 성능 최적화에 대해 지속적으로 고민하고 노력하시는 분 • AWS...
https://kr.indeed.com/viewjob?jk=92bd400e3b5306ba,[Clova] Clova AI 인재,네이버 서울,,"산시스템 등 CS 핵심 전공 지식 관련한 수준 높은 이해 Git을 능숙하게 사용 백엔드 서버 구현 역량 ( Python, Golang, Java Spring, node.js 등) Mobile App 개발 Objective..."
https://kr.indeed.com/viewjob?jk=bfe0f5ac4f32ec89,추천 통계분석/데이터사이언티스트,카카오 4.2 성남 판교역,,기능 기계학습 모델링 지원자격 개발 경력 3년 이상 숙련된 데이터분석 능력 데이터 사이언스를 위한 언어( Python/R) 를 하나 이상 능숙하게 다룰 수 있으신 분 분석 결과를 설득력있게 전달할 수 있는 분 우대사항...
https://kr.indeed.com/viewjob?jk=ce6747e77c861c46,Data Scientist,Boston Consulting Group 4.2 서울,,"analysis a plus, Programming... scripting exp.: eg. Python, C#, VBA, Java, Perl, etc. Experience in applied analytics..."
https://kr.indeed.com/viewjob?jk=1748baa27965fdbf,"MVP 개발 엔지니어(서버, 웹프론트) (정규직, 계약직, 프리랜서)",더테스터 대전 중구,,1년 이상의 서버 개발 경험 · 아래 옵션 중 하나의 기술 스택 사용 - JAVA기반의 Spring - Python 기반의 Django - Ruby 기반의 Rails 우대사항 · 팀단위로 프로젝트를 수주해본 적 있는...
https://kr.indeed.com/viewjob?jk=6f33a670e47e8440,[빅데이터플랫폼] 데이터 플랫폼 엔지니어링 담당자,한국카카오은행 성남 분당구,,"및 구축 능력이 있는 분 · Hadoop Ecosystem 운영 경력이 3년 이상인 분 · Java 외 Python, Shell Script 중 1개 이상 언어로 필요한 운영 도구 개발이 가능한 분 · 전산 또는 관련 분야..."
https://kr.indeed.com/viewjob?jk=aea07d26df8ae423,Machine Learning Researcher – Audio and...,Qualcomm Korea YH 서울,,experience in machine learning • Programming skill in Python or C/C++ • Experience in PyTorch (preferred) or TensorFlow...
https://kr.indeed.com/viewjob?jk=1261d7964780dcb4,(주)웨이브웨어 2020 년도 신입사원 (개발자),웨이브웨어 대전 유성구,"연봉 25,000,000원 - 30,000,000원","유경험자 - keras/theano/tensorflow 유경험자 - python, java 유경험자 - lwjgl/jogl 을 이용한 OpenGL... tensorflow 유경험자 - python, java 유경험자..."
https://kr.indeed.com/viewjob?jk=9a9e91ae6092ed2d,Developers,Coinplug 경기도 성남,,"development and operation Experience using Java / Node.js / Go / Python, etc. Ability to utilize Databases including RDB..."
